

Microchip MPLAB XC8 Assembler V3.10 build 20250813170317 
                                                                                               Fri Aug 21 10:14:34 2026

Microchip MPLAB XC8 C Compiler v3.10 (Free license) build 20250813170317 Og1 
     1                           	processor	16F887
     2                           	pagewidth 120
     3                           	opt	flic
     4                           	psect	strings,global,class=STRING,space=0,delta=2,noexec
     5                           	psect	cinit,global,class=CODE,space=0,merge=1,delta=2
     6                           	psect	bssCOMMON,global,class=COMMON,space=1,delta=1,noexec
     7                           	psect	bssBANK0,global,class=BANK0,space=1,delta=1,noexec
     8                           	psect	cstackCOMMON,global,class=COMMON,space=1,delta=1,noexec
     9                           	psect	cstackBANK0,global,class=BANK0,space=1,delta=1,noexec
    10                           	psect	maintext,global,class=CODE,space=0,split=1,delta=2
    11                           	psect	text1,local,class=CODE,space=0,merge=1,delta=2
    12                           	psect	text2,local,class=CODE,space=0,merge=1,delta=2
    13                           	psect	text3,local,class=CODE,space=0,merge=1,delta=2
    14                           	psect	text4,local,class=CODE,space=0,merge=1,delta=2
    15                           	psect	text5,local,class=CODE,space=0,merge=1,delta=2,group=1
    16                           	psect	text6,local,class=CODE,space=0,merge=1,delta=2
    17                           	psect	text7,local,class=CODE,space=0,merge=1,delta=2
    18                           	psect	text8,local,class=CODE,space=0,merge=1,delta=2
    19                           	psect	text9,local,class=CODE,space=0,merge=1,delta=2
    20                           	psect	text10,local,class=CODE,space=0,merge=1,delta=2,group=1
    21                           	psect	text11,local,class=CODE,space=0,merge=1,delta=2,group=1
    22                           	psect	text12,local,class=CODE,space=0,merge=1,delta=2
    23                           	psect	text13,local,class=CODE,space=0,merge=1,delta=2
    24                           	psect	text14,local,class=CODE,space=0,merge=1,delta=2
    25                           	psect	text15,local,class=CODE,space=0,merge=1,delta=2,group=1
    26                           	psect	text16,local,class=CODE,space=0,merge=1,delta=2,group=1
    27                           	psect	text17,local,class=CODE,space=0,merge=1,delta=2
    28                           	psect	text18,local,class=CODE,space=0,merge=1,delta=2
    29                           	psect	text19,local,class=CODE,space=0,merge=1,delta=2
    30                           	psect	text20,local,class=CODE,space=0,merge=1,delta=2
    31                           	psect	text21,local,class=CODE,space=0,merge=1,delta=2
    32                           	psect	intentry,global,class=CODE,space=0,delta=2
    33                           	psect	text22,local,class=CODE,space=0,merge=1,delta=2
    34                           	psect	text23,local,class=CODE,space=0,merge=1,delta=2
    35                           	psect	config,global,abs,ovrld,class=CONFIG,space=4,delta=2,noexec
    36                           	dabs	1,0x7E,2
    37     0000                     
    38                           ; Generated 12/10/2023 GMT
    39                           ; 
    40                           ; Copyright © 2023, Microchip Technology Inc. and its subsidiaries ("Microchip")
    41                           ; All rights reserved.
    42                           ; 
    43                           ; This software is developed by Microchip Technology Inc. and its subsidiaries ("Microch
      +                          ip").
    44                           ; 
    45                           ; Redistribution and use in source and binary forms, with or without modification, are
    46                           ; permitted provided that the following conditions are met:
    47                           ; 
    48                           ;     1. Redistributions of source code must retain the above copyright notice, this lis
      +                          t of
    49                           ;        conditions and the following disclaimer.
    50                           ; 
    51                           ;     2. Redistributions in binary form must reproduce the above copyright notice, this 
      +                          list
    52                           ;        of conditions and the following disclaimer in the documentation and/or other
    53                           ;        materials provided with the distribution. Publication is not required when
    54                           ;        this file is used in an embedded application.
    55                           ; 
    56                           ;     3. Microchip's name may not be used to endorse or promote products derived from th
      +                          is
    57                           ;        software without specific prior written permission.
    58                           ; 
    59                           ; THIS SOFTWARE IS PROVIDED BY MICROCHIP "AS IS" AND ANY EXPRESS OR IMPLIED WARRANTIES,
    60                           ; INCLUDING, BUT NOT LIMITED TO, THE IMPLIED WARRANTIES OF MERCHANTABILITY AND FITNESS F
      +                          OR
    61                           ; PURPOSE ARE DISCLAIMED.  IN NO EVENT SHALL MICROCHIP BE LIABLE FOR ANY DIRECT, INDIREC
      +                          T,
    62                           ; INCIDENTAL, SPECIAL, EXEMPLARY, OR CONSEQUENTIAL DAMAGES (INCLUDING BUT NOT LIMITED TO
    63                           ; PROCUREMENT OF SUBSTITUTE GOODS OR SERVICES; LOSS OF USE, DATA OR PROFITS; OR BUSINESS
    64                           ; INTERRUPTION) HOWSOEVER CAUSED AND ON ANY THEORY OF LIABILITY, WHETHER IN CONTRACT, ST
      +                          RICT
    65                           ; LIABILITY, OR TORT (INCLUDING NEGLIGENCE OR OTHERWISE) ARISING IN ANY WAY OUT OF THE U
      +                          SE OF
    66                           ; THIS SOFTWARE, EVEN IF ADVISED OF THE POSSIBILITY OF SUCH DAMAGE.
    67                           ; 
    68                           ; 
    69                           ; Code-generator required, PIC16F887 Definitions
    70                           ; 
    71                           ; SFR Addresses
    72     0004                     fsr             equ	4
    73     0004                     fsr0            equ	4
    74     0000                     indf            equ	0
    75     0000                     indf0           equ	0
    76     0002                     pc              equ	2
    77     0002                     pcl             equ	2
    78     000A                     pclath          equ	10
    79     0003                     status          equ	3
    80     0000                     INDF            equ	0	;# 
    81     0001                     TMR0            equ	1	;# 
    82     0002                     PCL             equ	2	;# 
    83     0003                     STATUS          equ	3	;# 
    84     0004                     FSR             equ	4	;# 
    85     0005                     PORTA           equ	5	;# 
    86     0006                     PORTB           equ	6	;# 
    87     0007                     PORTC           equ	7	;# 
    88     0008                     PORTD           equ	8	;# 
    89     0009                     PORTE           equ	9	;# 
    90     000A                     PCLATH          equ	10	;# 
    91     000B                     INTCON          equ	11	;# 
    92     000C                     PIR1            equ	12	;# 
    93     000D                     PIR2            equ	13	;# 
    94     000E                     TMR1            equ	14	;# 
    95     000E                     TMR1L           equ	14	;# 
    96     000F                     TMR1H           equ	15	;# 
    97     0010                     T1CON           equ	16	;# 
    98     0011                     TMR2            equ	17	;# 
    99     0012                     T2CON           equ	18	;# 
   100     0013                     SSPBUF          equ	19	;# 
   101     0014                     SSPCON          equ	20	;# 
   102     0015                     CCPR1           equ	21	;# 
   103     0015                     CCPR1L          equ	21	;# 
   104     0016                     CCPR1H          equ	22	;# 
   105     0017                     CCP1CON         equ	23	;# 
   106     0018                     RCSTA           equ	24	;# 
   107     0019                     TXREG           equ	25	;# 
   108     001A                     RCREG           equ	26	;# 
   109     001B                     CCPR2           equ	27	;# 
   110     001B                     CCPR2L          equ	27	;# 
   111     001C                     CCPR2H          equ	28	;# 
   112     001D                     CCP2CON         equ	29	;# 
   113     001E                     ADRESH          equ	30	;# 
   114     001F                     ADCON0          equ	31	;# 
   115     0081                     OPTION_REG      equ	129	;# 
   116     0085                     TRISA           equ	133	;# 
   117     0086                     TRISB           equ	134	;# 
   118     0087                     TRISC           equ	135	;# 
   119     0088                     TRISD           equ	136	;# 
   120     0089                     TRISE           equ	137	;# 
   121     008C                     PIE1            equ	140	;# 
   122     008D                     PIE2            equ	141	;# 
   123     008E                     PCON            equ	142	;# 
   124     008F                     OSCCON          equ	143	;# 
   125     0090                     OSCTUNE         equ	144	;# 
   126     0091                     SSPCON2         equ	145	;# 
   127     0092                     PR2             equ	146	;# 
   128     0093                     SSPADD          equ	147	;# 
   129     0093                     SSPMSK          equ	147	;# 
   130     0093                     MSK             equ	147	;# 
   131     0094                     SSPSTAT         equ	148	;# 
   132     0095                     WPUB            equ	149	;# 
   133     0096                     IOCB            equ	150	;# 
   134     0097                     VRCON           equ	151	;# 
   135     0098                     TXSTA           equ	152	;# 
   136     0099                     SPBRG           equ	153	;# 
   137     009A                     SPBRGH          equ	154	;# 
   138     009B                     PWM1CON         equ	155	;# 
   139     009C                     ECCPAS          equ	156	;# 
   140     009D                     PSTRCON         equ	157	;# 
   141     009E                     ADRESL          equ	158	;# 
   142     009F                     ADCON1          equ	159	;# 
   143     0105                     WDTCON          equ	261	;# 
   144     0107                     CM1CON0         equ	263	;# 
   145     0108                     CM2CON0         equ	264	;# 
   146     0109                     CM2CON1         equ	265	;# 
   147     010C                     EEDATA          equ	268	;# 
   148     010C                     EEDAT           equ	268	;# 
   149     010D                     EEADR           equ	269	;# 
   150     010E                     EEDATH          equ	270	;# 
   151     010F                     EEADRH          equ	271	;# 
   152     0185                     SRCON           equ	389	;# 
   153     0187                     BAUDCTL         equ	391	;# 
   154     0188                     ANSEL           equ	392	;# 
   155     0189                     ANSELH          equ	393	;# 
   156     018C                     EECON1          equ	396	;# 
   157     018D                     EECON2          equ	397	;# 
   158     0000                     INDF            equ	0	;# 
   159     0001                     TMR0            equ	1	;# 
   160     0002                     PCL             equ	2	;# 
   161     0003                     STATUS          equ	3	;# 
   162     0004                     FSR             equ	4	;# 
   163     0005                     PORTA           equ	5	;# 
   164     0006                     PORTB           equ	6	;# 
   165     0007                     PORTC           equ	7	;# 
   166     0008                     PORTD           equ	8	;# 
   167     0009                     PORTE           equ	9	;# 
   168     000A                     PCLATH          equ	10	;# 
   169     000B                     INTCON          equ	11	;# 
   170     000C                     PIR1            equ	12	;# 
   171     000D                     PIR2            equ	13	;# 
   172     000E                     TMR1            equ	14	;# 
   173     000E                     TMR1L           equ	14	;# 
   174     000F                     TMR1H           equ	15	;# 
   175     0010                     T1CON           equ	16	;# 
   176     0011                     TMR2            equ	17	;# 
   177     0012                     T2CON           equ	18	;# 
   178     0013                     SSPBUF          equ	19	;# 
   179     0014                     SSPCON          equ	20	;# 
   180     0015                     CCPR1           equ	21	;# 
   181     0015                     CCPR1L          equ	21	;# 
   182     0016                     CCPR1H          equ	22	;# 
   183     0017                     CCP1CON         equ	23	;# 
   184     0018                     RCSTA           equ	24	;# 
   185     0019                     TXREG           equ	25	;# 
   186     001A                     RCREG           equ	26	;# 
   187     001B                     CCPR2           equ	27	;# 
   188     001B                     CCPR2L          equ	27	;# 
   189     001C                     CCPR2H          equ	28	;# 
   190     001D                     CCP2CON         equ	29	;# 
   191     001E                     ADRESH          equ	30	;# 
   192     001F                     ADCON0          equ	31	;# 
   193     0081                     OPTION_REG      equ	129	;# 
   194     0085                     TRISA           equ	133	;# 
   195     0086                     TRISB           equ	134	;# 
   196     0087                     TRISC           equ	135	;# 
   197     0088                     TRISD           equ	136	;# 
   198     0089                     TRISE           equ	137	;# 
   199     008C                     PIE1            equ	140	;# 
   200     008D                     PIE2            equ	141	;# 
   201     008E                     PCON            equ	142	;# 
   202     008F                     OSCCON          equ	143	;# 
   203     0090                     OSCTUNE         equ	144	;# 
   204     0091                     SSPCON2         equ	145	;# 
   205     0092                     PR2             equ	146	;# 
   206     0093                     SSPADD          equ	147	;# 
   207     0093                     SSPMSK          equ	147	;# 
   208     0093                     MSK             equ	147	;# 
   209     0094                     SSPSTAT         equ	148	;# 
   210     0095                     WPUB            equ	149	;# 
   211     0096                     IOCB            equ	150	;# 
   212     0097                     VRCON           equ	151	;# 
   213     0098                     TXSTA           equ	152	;# 
   214     0099                     SPBRG           equ	153	;# 
   215     009A                     SPBRGH          equ	154	;# 
   216     009B                     PWM1CON         equ	155	;# 
   217     009C                     ECCPAS          equ	156	;# 
   218     009D                     PSTRCON         equ	157	;# 
   219     009E                     ADRESL          equ	158	;# 
   220     009F                     ADCON1          equ	159	;# 
   221     0105                     WDTCON          equ	261	;# 
   222     0107                     CM1CON0         equ	263	;# 
   223     0108                     CM2CON0         equ	264	;# 
   224     0109                     CM2CON1         equ	265	;# 
   225     010C                     EEDATA          equ	268	;# 
   226     010C                     EEDAT           equ	268	;# 
   227     010D                     EEADR           equ	269	;# 
   228     010E                     EEDATH          equ	270	;# 
   229     010F                     EEADRH          equ	271	;# 
   230     0185                     SRCON           equ	389	;# 
   231     0187                     BAUDCTL         equ	391	;# 
   232     0188                     ANSEL           equ	392	;# 
   233     0189                     ANSELH          equ	393	;# 
   234     018C                     EECON1          equ	396	;# 
   235     018D                     EECON2          equ	397	;# 
   236     0000                     INDF            equ	0	;# 
   237     0001                     TMR0            equ	1	;# 
   238     0002                     PCL             equ	2	;# 
   239     0003                     STATUS          equ	3	;# 
   240     0004                     FSR             equ	4	;# 
   241     0005                     PORTA           equ	5	;# 
   242     0006                     PORTB           equ	6	;# 
   243     0007                     PORTC           equ	7	;# 
   244     0008                     PORTD           equ	8	;# 
   245     0009                     PORTE           equ	9	;# 
   246     000A                     PCLATH          equ	10	;# 
   247     000B                     INTCON          equ	11	;# 
   248     000C                     PIR1            equ	12	;# 
   249     000D                     PIR2            equ	13	;# 
   250     000E                     TMR1            equ	14	;# 
   251     000E                     TMR1L           equ	14	;# 
   252     000F                     TMR1H           equ	15	;# 
   253     0010                     T1CON           equ	16	;# 
   254     0011                     TMR2            equ	17	;# 
   255     0012                     T2CON           equ	18	;# 
   256     0013                     SSPBUF          equ	19	;# 
   257     0014                     SSPCON          equ	20	;# 
   258     0015                     CCPR1           equ	21	;# 
   259     0015                     CCPR1L          equ	21	;# 
   260     0016                     CCPR1H          equ	22	;# 
   261     0017                     CCP1CON         equ	23	;# 
   262     0018                     RCSTA           equ	24	;# 
   263     0019                     TXREG           equ	25	;# 
   264     001A                     RCREG           equ	26	;# 
   265     001B                     CCPR2           equ	27	;# 
   266     001B                     CCPR2L          equ	27	;# 
   267     001C                     CCPR2H          equ	28	;# 
   268     001D                     CCP2CON         equ	29	;# 
   269     001E                     ADRESH          equ	30	;# 
   270     001F                     ADCON0          equ	31	;# 
   271     0081                     OPTION_REG      equ	129	;# 
   272     0085                     TRISA           equ	133	;# 
   273     0086                     TRISB           equ	134	;# 
   274     0087                     TRISC           equ	135	;# 
   275     0088                     TRISD           equ	136	;# 
   276     0089                     TRISE           equ	137	;# 
   277     008C                     PIE1            equ	140	;# 
   278     008D                     PIE2            equ	141	;# 
   279     008E                     PCON            equ	142	;# 
   280     008F                     OSCCON          equ	143	;# 
   281     0090                     OSCTUNE         equ	144	;# 
   282     0091                     SSPCON2         equ	145	;# 
   283     0092                     PR2             equ	146	;# 
   284     0093                     SSPADD          equ	147	;# 
   285     0093                     SSPMSK          equ	147	;# 
   286     0093                     MSK             equ	147	;# 
   287     0094                     SSPSTAT         equ	148	;# 
   288     0095                     WPUB            equ	149	;# 
   289     0096                     IOCB            equ	150	;# 
   290     0097                     VRCON           equ	151	;# 
   291     0098                     TXSTA           equ	152	;# 
   292     0099                     SPBRG           equ	153	;# 
   293     009A                     SPBRGH          equ	154	;# 
   294     009B                     PWM1CON         equ	155	;# 
   295     009C                     ECCPAS          equ	156	;# 
   296     009D                     PSTRCON         equ	157	;# 
   297     009E                     ADRESL          equ	158	;# 
   298     009F                     ADCON1          equ	159	;# 
   299     0105                     WDTCON          equ	261	;# 
   300     0107                     CM1CON0         equ	263	;# 
   301     0108                     CM2CON0         equ	264	;# 
   302     0109                     CM2CON1         equ	265	;# 
   303     010C                     EEDATA          equ	268	;# 
   304     010C                     EEDAT           equ	268	;# 
   305     010D                     EEADR           equ	269	;# 
   306     010E                     EEDATH          equ	270	;# 
   307     010F                     EEADRH          equ	271	;# 
   308     0185                     SRCON           equ	389	;# 
   309     0187                     BAUDCTL         equ	391	;# 
   310     0188                     ANSEL           equ	392	;# 
   311     0189                     ANSELH          equ	393	;# 
   312     018C                     EECON1          equ	396	;# 
   313     018D                     EECON2          equ	397	;# 
   314     0000                     INDF            equ	0	;# 
   315     0001                     TMR0            equ	1	;# 
   316     0002                     PCL             equ	2	;# 
   317     0003                     STATUS          equ	3	;# 
   318     0004                     FSR             equ	4	;# 
   319     0005                     PORTA           equ	5	;# 
   320     0006                     PORTB           equ	6	;# 
   321     0007                     PORTC           equ	7	;# 
   322     0008                     PORTD           equ	8	;# 
   323     0009                     PORTE           equ	9	;# 
   324     000A                     PCLATH          equ	10	;# 
   325     000B                     INTCON          equ	11	;# 
   326     000C                     PIR1            equ	12	;# 
   327     000D                     PIR2            equ	13	;# 
   328     000E                     TMR1            equ	14	;# 
   329     000E                     TMR1L           equ	14	;# 
   330     000F                     TMR1H           equ	15	;# 
   331     0010                     T1CON           equ	16	;# 
   332     0011                     TMR2            equ	17	;# 
   333     0012                     T2CON           equ	18	;# 
   334     0013                     SSPBUF          equ	19	;# 
   335     0014                     SSPCON          equ	20	;# 
   336     0015                     CCPR1           equ	21	;# 
   337     0015                     CCPR1L          equ	21	;# 
   338     0016                     CCPR1H          equ	22	;# 
   339     0017                     CCP1CON         equ	23	;# 
   340     0018                     RCSTA           equ	24	;# 
   341     0019                     TXREG           equ	25	;# 
   342     001A                     RCREG           equ	26	;# 
   343     001B                     CCPR2           equ	27	;# 
   344     001B                     CCPR2L          equ	27	;# 
   345     001C                     CCPR2H          equ	28	;# 
   346     001D                     CCP2CON         equ	29	;# 
   347     001E                     ADRESH          equ	30	;# 
   348     001F                     ADCON0          equ	31	;# 
   349     0081                     OPTION_REG      equ	129	;# 
   350     0085                     TRISA           equ	133	;# 
   351     0086                     TRISB           equ	134	;# 
   352     0087                     TRISC           equ	135	;# 
   353     0088                     TRISD           equ	136	;# 
   354     0089                     TRISE           equ	137	;# 
   355     008C                     PIE1            equ	140	;# 
   356     008D                     PIE2            equ	141	;# 
   357     008E                     PCON            equ	142	;# 
   358     008F                     OSCCON          equ	143	;# 
   359     0090                     OSCTUNE         equ	144	;# 
   360     0091                     SSPCON2         equ	145	;# 
   361     0092                     PR2             equ	146	;# 
   362     0093                     SSPADD          equ	147	;# 
   363     0093                     SSPMSK          equ	147	;# 
   364     0093                     MSK             equ	147	;# 
   365     0094                     SSPSTAT         equ	148	;# 
   366     0095                     WPUB            equ	149	;# 
   367     0096                     IOCB            equ	150	;# 
   368     0097                     VRCON           equ	151	;# 
   369     0098                     TXSTA           equ	152	;# 
   370     0099                     SPBRG           equ	153	;# 
   371     009A                     SPBRGH          equ	154	;# 
   372     009B                     PWM1CON         equ	155	;# 
   373     009C                     ECCPAS          equ	156	;# 
   374     009D                     PSTRCON         equ	157	;# 
   375     009E                     ADRESL          equ	158	;# 
   376     009F                     ADCON1          equ	159	;# 
   377     0105                     WDTCON          equ	261	;# 
   378     0107                     CM1CON0         equ	263	;# 
   379     0108                     CM2CON0         equ	264	;# 
   380     0109                     CM2CON1         equ	265	;# 
   381     010C                     EEDATA          equ	268	;# 
   382     010C                     EEDAT           equ	268	;# 
   383     010D                     EEADR           equ	269	;# 
   384     010E                     EEDATH          equ	270	;# 
   385     010F                     EEADRH          equ	271	;# 
   386     0185                     SRCON           equ	389	;# 
   387     0187                     BAUDCTL         equ	391	;# 
   388     0188                     ANSEL           equ	392	;# 
   389     0189                     ANSELH          equ	393	;# 
   390     018C                     EECON1          equ	396	;# 
   391     018D                     EECON2          equ	397	;# 
   392     0000                     INDF            equ	0	;# 
   393     0001                     TMR0            equ	1	;# 
   394     0002                     PCL             equ	2	;# 
   395     0003                     STATUS          equ	3	;# 
   396     0004                     FSR             equ	4	;# 
   397     0005                     PORTA           equ	5	;# 
   398     0006                     PORTB           equ	6	;# 
   399     0007                     PORTC           equ	7	;# 
   400     0008                     PORTD           equ	8	;# 
   401     0009                     PORTE           equ	9	;# 
   402     000A                     PCLATH          equ	10	;# 
   403     000B                     INTCON          equ	11	;# 
   404     000C                     PIR1            equ	12	;# 
   405     000D                     PIR2            equ	13	;# 
   406     000E                     TMR1            equ	14	;# 
   407     000E                     TMR1L           equ	14	;# 
   408     000F                     TMR1H           equ	15	;# 
   409     0010                     T1CON           equ	16	;# 
   410     0011                     TMR2            equ	17	;# 
   411     0012                     T2CON           equ	18	;# 
   412     0013                     SSPBUF          equ	19	;# 
   413     0014                     SSPCON          equ	20	;# 
   414     0015                     CCPR1           equ	21	;# 
   415     0015                     CCPR1L          equ	21	;# 
   416     0016                     CCPR1H          equ	22	;# 
   417     0017                     CCP1CON         equ	23	;# 
   418     0018                     RCSTA           equ	24	;# 
   419     0019                     TXREG           equ	25	;# 
   420     001A                     RCREG           equ	26	;# 
   421     001B                     CCPR2           equ	27	;# 
   422     001B                     CCPR2L          equ	27	;# 
   423     001C                     CCPR2H          equ	28	;# 
   424     001D                     CCP2CON         equ	29	;# 
   425     001E                     ADRESH          equ	30	;# 
   426     001F                     ADCON0          equ	31	;# 
   427     0081                     OPTION_REG      equ	129	;# 
   428     0085                     TRISA           equ	133	;# 
   429     0086                     TRISB           equ	134	;# 
   430     0087                     TRISC           equ	135	;# 
   431     0088                     TRISD           equ	136	;# 
   432     0089                     TRISE           equ	137	;# 
   433     008C                     PIE1            equ	140	;# 
   434     008D                     PIE2            equ	141	;# 
   435     008E                     PCON            equ	142	;# 
   436     008F                     OSCCON          equ	143	;# 
   437     0090                     OSCTUNE         equ	144	;# 
   438     0091                     SSPCON2         equ	145	;# 
   439     0092                     PR2             equ	146	;# 
   440     0093                     SSPADD          equ	147	;# 
   441     0093                     SSPMSK          equ	147	;# 
   442     0093                     MSK             equ	147	;# 
   443     0094                     SSPSTAT         equ	148	;# 
   444     0095                     WPUB            equ	149	;# 
   445     0096                     IOCB            equ	150	;# 
   446     0097                     VRCON           equ	151	;# 
   447     0098                     TXSTA           equ	152	;# 
   448     0099                     SPBRG           equ	153	;# 
   449     009A                     SPBRGH          equ	154	;# 
   450     009B                     PWM1CON         equ	155	;# 
   451     009C                     ECCPAS          equ	156	;# 
   452     009D                     PSTRCON         equ	157	;# 
   453     009E                     ADRESL          equ	158	;# 
   454     009F                     ADCON1          equ	159	;# 
   455     0105                     WDTCON          equ	261	;# 
   456     0107                     CM1CON0         equ	263	;# 
   457     0108                     CM2CON0         equ	264	;# 
   458     0109                     CM2CON1         equ	265	;# 
   459     010C                     EEDATA          equ	268	;# 
   460     010C                     EEDAT           equ	268	;# 
   461     010D                     EEADR           equ	269	;# 
   462     010E                     EEDATH          equ	270	;# 
   463     010F                     EEADRH          equ	271	;# 
   464     0185                     SRCON           equ	389	;# 
   465     0187                     BAUDCTL         equ	391	;# 
   466     0188                     ANSEL           equ	392	;# 
   467     0189                     ANSELH          equ	393	;# 
   468     018C                     EECON1          equ	396	;# 
   469     018D                     EECON2          equ	397	;# 
   470     0000                     INDF            equ	0	;# 
   471     0001                     TMR0            equ	1	;# 
   472     0002                     PCL             equ	2	;# 
   473     0003                     STATUS          equ	3	;# 
   474     0004                     FSR             equ	4	;# 
   475     0005                     PORTA           equ	5	;# 
   476     0006                     PORTB           equ	6	;# 
   477     0007                     PORTC           equ	7	;# 
   478     0008                     PORTD           equ	8	;# 
   479     0009                     PORTE           equ	9	;# 
   480     000A                     PCLATH          equ	10	;# 
   481     000B                     INTCON          equ	11	;# 
   482     000C                     PIR1            equ	12	;# 
   483     000D                     PIR2            equ	13	;# 
   484     000E                     TMR1            equ	14	;# 
   485     000E                     TMR1L           equ	14	;# 
   486     000F                     TMR1H           equ	15	;# 
   487     0010                     T1CON           equ	16	;# 
   488     0011                     TMR2            equ	17	;# 
   489     0012                     T2CON           equ	18	;# 
   490     0013                     SSPBUF          equ	19	;# 
   491     0014                     SSPCON          equ	20	;# 
   492     0015                     CCPR1           equ	21	;# 
   493     0015                     CCPR1L          equ	21	;# 
   494     0016                     CCPR1H          equ	22	;# 
   495     0017                     CCP1CON         equ	23	;# 
   496     0018                     RCSTA           equ	24	;# 
   497     0019                     TXREG           equ	25	;# 
   498     001A                     RCREG           equ	26	;# 
   499     001B                     CCPR2           equ	27	;# 
   500     001B                     CCPR2L          equ	27	;# 
   501     001C                     CCPR2H          equ	28	;# 
   502     001D                     CCP2CON         equ	29	;# 
   503     001E                     ADRESH          equ	30	;# 
   504     001F                     ADCON0          equ	31	;# 
   505     0081                     OPTION_REG      equ	129	;# 
   506     0085                     TRISA           equ	133	;# 
   507     0086                     TRISB           equ	134	;# 
   508     0087                     TRISC           equ	135	;# 
   509     0088                     TRISD           equ	136	;# 
   510     0089                     TRISE           equ	137	;# 
   511     008C                     PIE1            equ	140	;# 
   512     008D                     PIE2            equ	141	;# 
   513     008E                     PCON            equ	142	;# 
   514     008F                     OSCCON          equ	143	;# 
   515     0090                     OSCTUNE         equ	144	;# 
   516     0091                     SSPCON2         equ	145	;# 
   517     0092                     PR2             equ	146	;# 
   518     0093                     SSPADD          equ	147	;# 
   519     0093                     SSPMSK          equ	147	;# 
   520     0093                     MSK             equ	147	;# 
   521     0094                     SSPSTAT         equ	148	;# 
   522     0095                     WPUB            equ	149	;# 
   523     0096                     IOCB            equ	150	;# 
   524     0097                     VRCON           equ	151	;# 
   525     0098                     TXSTA           equ	152	;# 
   526     0099                     SPBRG           equ	153	;# 
   527     009A                     SPBRGH          equ	154	;# 
   528     009B                     PWM1CON         equ	155	;# 
   529     009C                     ECCPAS          equ	156	;# 
   530     009D                     PSTRCON         equ	157	;# 
   531     009E                     ADRESL          equ	158	;# 
   532     009F                     ADCON1          equ	159	;# 
   533     0105                     WDTCON          equ	261	;# 
   534     0107                     CM1CON0         equ	263	;# 
   535     0108                     CM2CON0         equ	264	;# 
   536     0109                     CM2CON1         equ	265	;# 
   537     010C                     EEDATA          equ	268	;# 
   538     010C                     EEDAT           equ	268	;# 
   539     010D                     EEADR           equ	269	;# 
   540     010E                     EEDATH          equ	270	;# 
   541     010F                     EEADRH          equ	271	;# 
   542     0185                     SRCON           equ	389	;# 
   543     0187                     BAUDCTL         equ	391	;# 
   544     0188                     ANSEL           equ	392	;# 
   545     0189                     ANSELH          equ	393	;# 
   546     018C                     EECON1          equ	396	;# 
   547     018D                     EECON2          equ	397	;# 
   548     0000                     INDF            equ	0	;# 
   549     0001                     TMR0            equ	1	;# 
   550     0002                     PCL             equ	2	;# 
   551     0003                     STATUS          equ	3	;# 
   552     0004                     FSR             equ	4	;# 
   553     0005                     PORTA           equ	5	;# 
   554     0006                     PORTB           equ	6	;# 
   555     0007                     PORTC           equ	7	;# 
   556     0008                     PORTD           equ	8	;# 
   557     0009                     PORTE           equ	9	;# 
   558     000A                     PCLATH          equ	10	;# 
   559     000B                     INTCON          equ	11	;# 
   560     000C                     PIR1            equ	12	;# 
   561     000D                     PIR2            equ	13	;# 
   562     000E                     TMR1            equ	14	;# 
   563     000E                     TMR1L           equ	14	;# 
   564     000F                     TMR1H           equ	15	;# 
   565     0010                     T1CON           equ	16	;# 
   566     0011                     TMR2            equ	17	;# 
   567     0012                     T2CON           equ	18	;# 
   568     0013                     SSPBUF          equ	19	;# 
   569     0014                     SSPCON          equ	20	;# 
   570     0015                     CCPR1           equ	21	;# 
   571     0015                     CCPR1L          equ	21	;# 
   572     0016                     CCPR1H          equ	22	;# 
   573     0017                     CCP1CON         equ	23	;# 
   574     0018                     RCSTA           equ	24	;# 
   575     0019                     TXREG           equ	25	;# 
   576     001A                     RCREG           equ	26	;# 
   577     001B                     CCPR2           equ	27	;# 
   578     001B                     CCPR2L          equ	27	;# 
   579     001C                     CCPR2H          equ	28	;# 
   580     001D                     CCP2CON         equ	29	;# 
   581     001E                     ADRESH          equ	30	;# 
   582     001F                     ADCON0          equ	31	;# 
   583     0081                     OPTION_REG      equ	129	;# 
   584     0085                     TRISA           equ	133	;# 
   585     0086                     TRISB           equ	134	;# 
   586     0087                     TRISC           equ	135	;# 
   587     0088                     TRISD           equ	136	;# 
   588     0089                     TRISE           equ	137	;# 
   589     008C                     PIE1            equ	140	;# 
   590     008D                     PIE2            equ	141	;# 
   591     008E                     PCON            equ	142	;# 
   592     008F                     OSCCON          equ	143	;# 
   593     0090                     OSCTUNE         equ	144	;# 
   594     0091                     SSPCON2         equ	145	;# 
   595     0092                     PR2             equ	146	;# 
   596     0093                     SSPADD          equ	147	;# 
   597     0093                     SSPMSK          equ	147	;# 
   598     0093                     MSK             equ	147	;# 
   599     0094                     SSPSTAT         equ	148	;# 
   600     0095                     WPUB            equ	149	;# 
   601     0096                     IOCB            equ	150	;# 
   602     0097                     VRCON           equ	151	;# 
   603     0098                     TXSTA           equ	152	;# 
   604     0099                     SPBRG           equ	153	;# 
   605     009A                     SPBRGH          equ	154	;# 
   606     009B                     PWM1CON         equ	155	;# 
   607     009C                     ECCPAS          equ	156	;# 
   608     009D                     PSTRCON         equ	157	;# 
   609     009E                     ADRESL          equ	158	;# 
   610     009F                     ADCON1          equ	159	;# 
   611     0105                     WDTCON          equ	261	;# 
   612     0107                     CM1CON0         equ	263	;# 
   613     0108                     CM2CON0         equ	264	;# 
   614     0109                     CM2CON1         equ	265	;# 
   615     010C                     EEDATA          equ	268	;# 
   616     010C                     EEDAT           equ	268	;# 
   617     010D                     EEADR           equ	269	;# 
   618     010E                     EEDATH          equ	270	;# 
   619     010F                     EEADRH          equ	271	;# 
   620     0185                     SRCON           equ	389	;# 
   621     0187                     BAUDCTL         equ	391	;# 
   622     0188                     ANSEL           equ	392	;# 
   623     0189                     ANSELH          equ	393	;# 
   624     018C                     EECON1          equ	396	;# 
   625     018D                     EECON2          equ	397	;# 
   626     0000                     INDF            equ	0	;# 
   627     0001                     TMR0            equ	1	;# 
   628     0002                     PCL             equ	2	;# 
   629     0003                     STATUS          equ	3	;# 
   630     0004                     FSR             equ	4	;# 
   631     0005                     PORTA           equ	5	;# 
   632     0006                     PORTB           equ	6	;# 
   633     0007                     PORTC           equ	7	;# 
   634     0008                     PORTD           equ	8	;# 
   635     0009                     PORTE           equ	9	;# 
   636     000A                     PCLATH          equ	10	;# 
   637     000B                     INTCON          equ	11	;# 
   638     000C                     PIR1            equ	12	;# 
   639     000D                     PIR2            equ	13	;# 
   640     000E                     TMR1            equ	14	;# 
   641     000E                     TMR1L           equ	14	;# 
   642     000F                     TMR1H           equ	15	;# 
   643     0010                     T1CON           equ	16	;# 
   644     0011                     TMR2            equ	17	;# 
   645     0012                     T2CON           equ	18	;# 
   646     0013                     SSPBUF          equ	19	;# 
   647     0014                     SSPCON          equ	20	;# 
   648     0015                     CCPR1           equ	21	;# 
   649     0015                     CCPR1L          equ	21	;# 
   650     0016                     CCPR1H          equ	22	;# 
   651     0017                     CCP1CON         equ	23	;# 
   652     0018                     RCSTA           equ	24	;# 
   653     0019                     TXREG           equ	25	;# 
   654     001A                     RCREG           equ	26	;# 
   655     001B                     CCPR2           equ	27	;# 
   656     001B                     CCPR2L          equ	27	;# 
   657     001C                     CCPR2H          equ	28	;# 
   658     001D                     CCP2CON         equ	29	;# 
   659     001E                     ADRESH          equ	30	;# 
   660     001F                     ADCON0          equ	31	;# 
   661     0081                     OPTION_REG      equ	129	;# 
   662     0085                     TRISA           equ	133	;# 
   663     0086                     TRISB           equ	134	;# 
   664     0087                     TRISC           equ	135	;# 
   665     0088                     TRISD           equ	136	;# 
   666     0089                     TRISE           equ	137	;# 
   667     008C                     PIE1            equ	140	;# 
   668     008D                     PIE2            equ	141	;# 
   669     008E                     PCON            equ	142	;# 
   670     008F                     OSCCON          equ	143	;# 
   671     0090                     OSCTUNE         equ	144	;# 
   672     0091                     SSPCON2         equ	145	;# 
   673     0092                     PR2             equ	146	;# 
   674     0093                     SSPADD          equ	147	;# 
   675     0093                     SSPMSK          equ	147	;# 
   676     0093                     MSK             equ	147	;# 
   677     0094                     SSPSTAT         equ	148	;# 
   678     0095                     WPUB            equ	149	;# 
   679     0096                     IOCB            equ	150	;# 
   680     0097                     VRCON           equ	151	;# 
   681     0098                     TXSTA           equ	152	;# 
   682     0099                     SPBRG           equ	153	;# 
   683     009A                     SPBRGH          equ	154	;# 
   684     009B                     PWM1CON         equ	155	;# 
   685     009C                     ECCPAS          equ	156	;# 
   686     009D                     PSTRCON         equ	157	;# 
   687     009E                     ADRESL          equ	158	;# 
   688     009F                     ADCON1          equ	159	;# 
   689     0105                     WDTCON          equ	261	;# 
   690     0107                     CM1CON0         equ	263	;# 
   691     0108                     CM2CON0         equ	264	;# 
   692     0109                     CM2CON1         equ	265	;# 
   693     010C                     EEDATA          equ	268	;# 
   694     010C                     EEDAT           equ	268	;# 
   695     010D                     EEADR           equ	269	;# 
   696     010E                     EEDATH          equ	270	;# 
   697     010F                     EEADRH          equ	271	;# 
   698     0185                     SRCON           equ	389	;# 
   699     0187                     BAUDCTL         equ	391	;# 
   700     0188                     ANSEL           equ	392	;# 
   701     0189                     ANSELH          equ	393	;# 
   702     018C                     EECON1          equ	396	;# 
   703     018D                     EECON2          equ	397	;# 
   704     0000                     INDF            equ	0	;# 
   705     0001                     TMR0            equ	1	;# 
   706     0002                     PCL             equ	2	;# 
   707     0003                     STATUS          equ	3	;# 
   708     0004                     FSR             equ	4	;# 
   709     0005                     PORTA           equ	5	;# 
   710     0006                     PORTB           equ	6	;# 
   711     0007                     PORTC           equ	7	;# 
   712     0008                     PORTD           equ	8	;# 
   713     0009                     PORTE           equ	9	;# 
   714     000A                     PCLATH          equ	10	;# 
   715     000B                     INTCON          equ	11	;# 
   716     000C                     PIR1            equ	12	;# 
   717     000D                     PIR2            equ	13	;# 
   718     000E                     TMR1            equ	14	;# 
   719     000E                     TMR1L           equ	14	;# 
   720     000F                     TMR1H           equ	15	;# 
   721     0010                     T1CON           equ	16	;# 
   722     0011                     TMR2            equ	17	;# 
   723     0012                     T2CON           equ	18	;# 
   724     0013                     SSPBUF          equ	19	;# 
   725     0014                     SSPCON          equ	20	;# 
   726     0015                     CCPR1           equ	21	;# 
   727     0015                     CCPR1L          equ	21	;# 
   728     0016                     CCPR1H          equ	22	;# 
   729     0017                     CCP1CON         equ	23	;# 
   730     0018                     RCSTA           equ	24	;# 
   731     0019                     TXREG           equ	25	;# 
   732     001A                     RCREG           equ	26	;# 
   733     001B                     CCPR2           equ	27	;# 
   734     001B                     CCPR2L          equ	27	;# 
   735     001C                     CCPR2H          equ	28	;# 
   736     001D                     CCP2CON         equ	29	;# 
   737     001E                     ADRESH          equ	30	;# 
   738     001F                     ADCON0          equ	31	;# 
   739     0081                     OPTION_REG      equ	129	;# 
   740     0085                     TRISA           equ	133	;# 
   741     0086                     TRISB           equ	134	;# 
   742     0087                     TRISC           equ	135	;# 
   743     0088                     TRISD           equ	136	;# 
   744     0089                     TRISE           equ	137	;# 
   745     008C                     PIE1            equ	140	;# 
   746     008D                     PIE2            equ	141	;# 
   747     008E                     PCON            equ	142	;# 
   748     008F                     OSCCON          equ	143	;# 
   749     0090                     OSCTUNE         equ	144	;# 
   750     0091                     SSPCON2         equ	145	;# 
   751     0092                     PR2             equ	146	;# 
   752     0093                     SSPADD          equ	147	;# 
   753     0093                     SSPMSK          equ	147	;# 
   754     0093                     MSK             equ	147	;# 
   755     0094                     SSPSTAT         equ	148	;# 
   756     0095                     WPUB            equ	149	;# 
   757     0096                     IOCB            equ	150	;# 
   758     0097                     VRCON           equ	151	;# 
   759     0098                     TXSTA           equ	152	;# 
   760     0099                     SPBRG           equ	153	;# 
   761     009A                     SPBRGH          equ	154	;# 
   762     009B                     PWM1CON         equ	155	;# 
   763     009C                     ECCPAS          equ	156	;# 
   764     009D                     PSTRCON         equ	157	;# 
   765     009E                     ADRESL          equ	158	;# 
   766     009F                     ADCON1          equ	159	;# 
   767     0105                     WDTCON          equ	261	;# 
   768     0107                     CM1CON0         equ	263	;# 
   769     0108                     CM2CON0         equ	264	;# 
   770     0109                     CM2CON1         equ	265	;# 
   771     010C                     EEDATA          equ	268	;# 
   772     010C                     EEDAT           equ	268	;# 
   773     010D                     EEADR           equ	269	;# 
   774     010E                     EEDATH          equ	270	;# 
   775     010F                     EEADRH          equ	271	;# 
   776     0185                     SRCON           equ	389	;# 
   777     0187                     BAUDCTL         equ	391	;# 
   778     0188                     ANSEL           equ	392	;# 
   779     0189                     ANSELH          equ	393	;# 
   780     018C                     EECON1          equ	396	;# 
   781     018D                     EECON2          equ	397	;# 
   782     0000                     INDF            equ	0	;# 
   783     0001                     TMR0            equ	1	;# 
   784     0002                     PCL             equ	2	;# 
   785     0003                     STATUS          equ	3	;# 
   786     0004                     FSR             equ	4	;# 
   787     0005                     PORTA           equ	5	;# 
   788     0006                     PORTB           equ	6	;# 
   789     0007                     PORTC           equ	7	;# 
   790     0008                     PORTD           equ	8	;# 
   791     0009                     PORTE           equ	9	;# 
   792     000A                     PCLATH          equ	10	;# 
   793     000B                     INTCON          equ	11	;# 
   794     000C                     PIR1            equ	12	;# 
   795     000D                     PIR2            equ	13	;# 
   796     000E                     TMR1            equ	14	;# 
   797     000E                     TMR1L           equ	14	;# 
   798     000F                     TMR1H           equ	15	;# 
   799     0010                     T1CON           equ	16	;# 
   800     0011                     TMR2            equ	17	;# 
   801     0012                     T2CON           equ	18	;# 
   802     0013                     SSPBUF          equ	19	;# 
   803     0014                     SSPCON          equ	20	;# 
   804     0015                     CCPR1           equ	21	;# 
   805     0015                     CCPR1L          equ	21	;# 
   806     0016                     CCPR1H          equ	22	;# 
   807     0017                     CCP1CON         equ	23	;# 
   808     0018                     RCSTA           equ	24	;# 
   809     0019                     TXREG           equ	25	;# 
   810     001A                     RCREG           equ	26	;# 
   811     001B                     CCPR2           equ	27	;# 
   812     001B                     CCPR2L          equ	27	;# 
   813     001C                     CCPR2H          equ	28	;# 
   814     001D                     CCP2CON         equ	29	;# 
   815     001E                     ADRESH          equ	30	;# 
   816     001F                     ADCON0          equ	31	;# 
   817     0081                     OPTION_REG      equ	129	;# 
   818     0085                     TRISA           equ	133	;# 
   819     0086                     TRISB           equ	134	;# 
   820     0087                     TRISC           equ	135	;# 
   821     0088                     TRISD           equ	136	;# 
   822     0089                     TRISE           equ	137	;# 
   823     008C                     PIE1            equ	140	;# 
   824     008D                     PIE2            equ	141	;# 
   825     008E                     PCON            equ	142	;# 
   826     008F                     OSCCON          equ	143	;# 
   827     0090                     OSCTUNE         equ	144	;# 
   828     0091                     SSPCON2         equ	145	;# 
   829     0092                     PR2             equ	146	;# 
   830     0093                     SSPADD          equ	147	;# 
   831     0093                     SSPMSK          equ	147	;# 
   832     0093                     MSK             equ	147	;# 
   833     0094                     SSPSTAT         equ	148	;# 
   834     0095                     WPUB            equ	149	;# 
   835     0096                     IOCB            equ	150	;# 
   836     0097                     VRCON           equ	151	;# 
   837     0098                     TXSTA           equ	152	;# 
   838     0099                     SPBRG           equ	153	;# 
   839     009A                     SPBRGH          equ	154	;# 
   840     009B                     PWM1CON         equ	155	;# 
   841     009C                     ECCPAS          equ	156	;# 
   842     009D                     PSTRCON         equ	157	;# 
   843     009E                     ADRESL          equ	158	;# 
   844     009F                     ADCON1          equ	159	;# 
   845     0105                     WDTCON          equ	261	;# 
   846     0107                     CM1CON0         equ	263	;# 
   847     0108                     CM2CON0         equ	264	;# 
   848     0109                     CM2CON1         equ	265	;# 
   849     010C                     EEDATA          equ	268	;# 
   850     010C                     EEDAT           equ	268	;# 
   851     010D                     EEADR           equ	269	;# 
   852     010E                     EEDATH          equ	270	;# 
   853     010F                     EEADRH          equ	271	;# 
   854     0185                     SRCON           equ	389	;# 
   855     0187                     BAUDCTL         equ	391	;# 
   856     0188                     ANSEL           equ	392	;# 
   857     0189                     ANSELH          equ	393	;# 
   858     018C                     EECON1          equ	396	;# 
   859     018D                     EECON2          equ	397	;# 
   860     0000                     INDF            equ	0	;# 
   861     0001                     TMR0            equ	1	;# 
   862     0002                     PCL             equ	2	;# 
   863     0003                     STATUS          equ	3	;# 
   864     0004                     FSR             equ	4	;# 
   865     0005                     PORTA           equ	5	;# 
   866     0006                     PORTB           equ	6	;# 
   867     0007                     PORTC           equ	7	;# 
   868     0008                     PORTD           equ	8	;# 
   869     0009                     PORTE           equ	9	;# 
   870     000A                     PCLATH          equ	10	;# 
   871     000B                     INTCON          equ	11	;# 
   872     000C                     PIR1            equ	12	;# 
   873     000D                     PIR2            equ	13	;# 
   874     000E                     TMR1            equ	14	;# 
   875     000E                     TMR1L           equ	14	;# 
   876     000F                     TMR1H           equ	15	;# 
   877     0010                     T1CON           equ	16	;# 
   878     0011                     TMR2            equ	17	;# 
   879     0012                     T2CON           equ	18	;# 
   880     0013                     SSPBUF          equ	19	;# 
   881     0014                     SSPCON          equ	20	;# 
   882     0015                     CCPR1           equ	21	;# 
   883     0015                     CCPR1L          equ	21	;# 
   884     0016                     CCPR1H          equ	22	;# 
   885     0017                     CCP1CON         equ	23	;# 
   886     0018                     RCSTA           equ	24	;# 
   887     0019                     TXREG           equ	25	;# 
   888     001A                     RCREG           equ	26	;# 
   889     001B                     CCPR2           equ	27	;# 
   890     001B                     CCPR2L          equ	27	;# 
   891     001C                     CCPR2H          equ	28	;# 
   892     001D                     CCP2CON         equ	29	;# 
   893     001E                     ADRESH          equ	30	;# 
   894     001F                     ADCON0          equ	31	;# 
   895     0081                     OPTION_REG      equ	129	;# 
   896     0085                     TRISA           equ	133	;# 
   897     0086                     TRISB           equ	134	;# 
   898     0087                     TRISC           equ	135	;# 
   899     0088                     TRISD           equ	136	;# 
   900     0089                     TRISE           equ	137	;# 
   901     008C                     PIE1            equ	140	;# 
   902     008D                     PIE2            equ	141	;# 
   903     008E                     PCON            equ	142	;# 
   904     008F                     OSCCON          equ	143	;# 
   905     0090                     OSCTUNE         equ	144	;# 
   906     0091                     SSPCON2         equ	145	;# 
   907     0092                     PR2             equ	146	;# 
   908     0093                     SSPADD          equ	147	;# 
   909     0093                     SSPMSK          equ	147	;# 
   910     0093                     MSK             equ	147	;# 
   911     0094                     SSPSTAT         equ	148	;# 
   912     0095                     WPUB            equ	149	;# 
   913     0096                     IOCB            equ	150	;# 
   914     0097                     VRCON           equ	151	;# 
   915     0098                     TXSTA           equ	152	;# 
   916     0099                     SPBRG           equ	153	;# 
   917     009A                     SPBRGH          equ	154	;# 
   918     009B                     PWM1CON         equ	155	;# 
   919     009C                     ECCPAS          equ	156	;# 
   920     009D                     PSTRCON         equ	157	;# 
   921     009E                     ADRESL          equ	158	;# 
   922     009F                     ADCON1          equ	159	;# 
   923     0105                     WDTCON          equ	261	;# 
   924     0107                     CM1CON0         equ	263	;# 
   925     0108                     CM2CON0         equ	264	;# 
   926     0109                     CM2CON1         equ	265	;# 
   927     010C                     EEDATA          equ	268	;# 
   928     010C                     EEDAT           equ	268	;# 
   929     010D                     EEADR           equ	269	;# 
   930     010E                     EEDATH          equ	270	;# 
   931     010F                     EEADRH          equ	271	;# 
   932     0185                     SRCON           equ	389	;# 
   933     0187                     BAUDCTL         equ	391	;# 
   934     0188                     ANSEL           equ	392	;# 
   935     0189                     ANSELH          equ	393	;# 
   936     018C                     EECON1          equ	396	;# 
   937     018D                     EECON2          equ	397	;# 
   938     000C                     _PIR1bits       set	12
   939     000E                     _TMR1L          set	14
   940     000F                     _TMR1H          set	15
   941     0010                     _T1CONbits      set	16
   942     001E                     _ADRESH         set	30
   943     001F                     _ADCON0bits     set	31
   944     001F                     _ADCON0         set	31
   945     001A                     _RCREG          set	26
   946     0019                     _TXREG          set	25
   947     0018                     _RCSTAbits      set	24
   948     0001                     _TMR0           set	1
   949     000B                     _INTCONbits     set	11
   950     001B                     _CCPR2L         set	27
   951     001D                     _CCP2CONbits    set	29
   952     0015                     _CCPR1L         set	21
   953     0012                     _T2CONbits      set	18
   954     0017                     _CCP1CONbits    set	23
   955     0009                     _PORTE          set	9
   956     0008                     _PORTD          set	8
   957     0007                     _PORTC          set	7
   958     0006                     _PORTB          set	6
   959     0005                     _PORTA          set	5
   960     008C                     _PIE1bits       set	140
   961     009E                     _ADRESL         set	158
   962     009F                     _ADCON1         set	159
   963     0098                     _TXSTAbits      set	152
   964     0099                     _SPBRG          set	153
   965     0087                     _TRISCbits      set	135
   966     0092                     _PR2            set	146
   967     0095                     _WPUB           set	149
   968     0081                     _OPTION_REGbits set	129
   969     0089                     _TRISE          set	137
   970     0088                     _TRISD          set	136
   971     0087                     _TRISC          set	135
   972     0086                     _TRISB          set	134
   973     0085                     _TRISA          set	133
   974     0189                     _ANSELHbits     set	393
   975     0189                     _ANSELH         set	393
   976     0188                     _ANSEL          set	392
   977                           
   978                           	psect	strings
   979     0800                     __pstrings:
   980     0800                     stringtab:
   981     0800                     __stringtab:
   982     0800                     stringcode:	
   983                           ;	String table - string pointers are 1 byte each
   984                           
   985     0800                     stringdir:
   986     0800  3008               	movlw	high stringdir
   987     0801  008A               	movwf	10
   988     0802  0804               	movf	4,w
   989     0803  0A84               	incf	4,f
   990     0804  0782               	addwf	2,f
   991     0805                     __stringbase:
   992     0805  3400               	retlw	0
   993     0806                     __end_of__stringtab:
   994     0806                     STR_2:
   995     0806  342C               	retlw	44	;','
   996     0807  3456               	retlw	86	;'V'
   997     0808  344F               	retlw	79	;'O'
   998     0809  344C               	retlw	76	;'L'
   999     080A  3454               	retlw	84	;'T'
  1000     080B  343A               	retlw	58	;':'
  1001     080C  3400               	retlw	0
  1002     080D                     STR_5:
  1003     080D  342C               	retlw	44	;','
  1004     080E  344C               	retlw	76	;'L'
  1005     080F  3445               	retlw	69	;'E'
  1006     0810  3444               	retlw	68	;'D'
  1007     0811  343A               	retlw	58	;':'
  1008     0812  3400               	retlw	0
  1009     0813                     STR_1:
  1010     0813  3441               	retlw	65	;'A'
  1011     0814  3444               	retlw	68	;'D'
  1012     0815  3443               	retlw	67	;'C'
  1013     0816  343A               	retlw	58	;':'
  1014     0817  3400               	retlw	0
  1015     0818                     STR_6:
  1016     0818  340A               	retlw	10
  1017     0819  3400               	retlw	0
  1018     081A                     STR_3:
  1019     081A  342E               	retlw	46	;'.'
  1020     081B  3400               	retlw	0
  1021     081C                     STR_4:
  1022     081C  3430               	retlw	48	;'0'
  1023     081D  3400               	retlw	0
  1024                           
  1025                           	psect	cinit
  1026     000F                     start_initialization:	
  1027                           ; #config settings
  1028                           
  1029     000F                     __initialization:
  1030                           
  1031                           ; Clear objects allocated to COMMON
  1032     000F  01FA               	clrf	__pbssCOMMON& (0+127)
  1033                           
  1034                           ; Clear objects allocated to BANK0
  1035     0010  1283               	bcf	3,5	;RP0=0, select bank0
  1036     0011  1303               	bcf	3,6	;RP1=0, select bank0
  1037     0012  01E3               	clrf	__pbssBANK0& (0+127)
  1038     0013  01E4               	clrf	(__pbssBANK0+1)& (0+127)
  1039     0014  01E5               	clrf	(__pbssBANK0+2)& (0+127)
  1040     0015  01E6               	clrf	(__pbssBANK0+3)& (0+127)
  1041     0016  01E7               	clrf	(__pbssBANK0+4)& (0+127)
  1042     0017                     end_of_initialization:	
  1043                           ;End of C runtime variable initialization code
  1044                           
  1045     0017                     __end_of__initialization:
  1046     0017  0183               	clrf	3
  1047     0018  120A  118A  281B   	ljmp	_main	;jump to C main() function
  1048                           
  1049                           	psect	bssCOMMON
  1050     007A                     __pbssCOMMON:
  1051     007A                     _tick_02ms:
  1052     007A                     	ds	1
  1053                           
  1054                           	psect	bssBANK0
  1055     0063                     __pbssBANK0:
  1056     0063                     _sys_tick_ms:
  1057     0063                     	ds	4
  1058     0067                     _rx_cmd:
  1059     0067                     	ds	1
  1060                           
  1061                           	psect	cstackCOMMON
  1062     0070                     __pcstackCOMMON:
  1063     0070                     ?_HAL_GPIO_PullUpEnable:
  1064     0070                     ?_HAL_PWM_Init:	
  1065                           ; 1 bytes @ 0x0
  1066                           
  1067     0070                     ?_sys_config:	
  1068                           ; 1 bytes @ 0x0
  1069                           
  1070     0070                     ?_SysTick_Init:	
  1071                           ; 1 bytes @ 0x0
  1072                           
  1073     0070                     ?_SysTick_Update:	
  1074                           ; 1 bytes @ 0x0
  1075                           
  1076     0070                     ?_HAL_UART_WriteChar:	
  1077                           ; 1 bytes @ 0x0
  1078                           
  1079     0070                     ?_HAL_UART_ReadChar:	
  1080                           ; 1 bytes @ 0x0
  1081                           
  1082     0070                     ?_HAL_ADC_Init:	
  1083                           ; 1 bytes @ 0x0
  1084                           
  1085     0070                     ?_ISR:	
  1086                           ; 1 bytes @ 0x0
  1087                           
  1088     0070                     ?_main:	
  1089                           ; 1 bytes @ 0x0
  1090                           
  1091     0070                     ??_SysTick_Update:	
  1092                           ; 2 bytes @ 0x0
  1093                           
  1094     0070                     ??_HAL_UART_ReadChar:	
  1095                           ; 1 bytes @ 0x0
  1096                           
  1097     0070                     ??_ISR:	
  1098                           ; 1 bytes @ 0x0
  1099                           
  1100                           
  1101                           ; 1 bytes @ 0x0
  1102     0070                     	ds	2
  1103     0072                     ISR@temp_rx:
  1104                           
  1105                           ; 1 bytes @ 0x2
  1106     0072                     	ds	1
  1107     0073                     ?_HAL_GPIO_SetDirection:
  1108     0073                     ?_HAL_GPIO_WritePin:	
  1109                           ; 1 bytes @ 0x3
  1110                           
  1111     0073                     ?_HAL_GPIO_ReadPin:	
  1112                           ; 1 bytes @ 0x3
  1113                           
  1114     0073                     ?_HAL_ADC_Read:	
  1115                           ; 1 bytes @ 0x3
  1116                           
  1117     0073                     ?___wmul:	
  1118                           ; 2 bytes @ 0x3
  1119                           
  1120     0073                     ?_SysTick_GetMs:	
  1121                           ; 2 bytes @ 0x3
  1122                           
  1123     0073                     HAL_GPIO_SetDirection@pin:	
  1124                           ; 4 bytes @ 0x3
  1125                           
  1126     0073                     HAL_GPIO_WritePin@pin:	
  1127                           ; 1 bytes @ 0x3
  1128                           
  1129     0073                     HAL_GPIO_ReadPin@pin:	
  1130                           ; 1 bytes @ 0x3
  1131                           
  1132     0073                     HAL_UART_WriteChar@bt:	
  1133                           ; 1 bytes @ 0x3
  1134                           
  1135     0073                     ___wmul@multiplier:	
  1136                           ; 1 bytes @ 0x3
  1137                           
  1138     0073                     ??_HAL_GPIO_PullUpEnable:	
  1139                           ; 2 bytes @ 0x3
  1140                           
  1141     0073                     ??_HAL_PWM_Init:	
  1142                           ; 1 bytes @ 0x3
  1143                           
  1144     0073                     ??_SysTick_Init:	
  1145                           ; 1 bytes @ 0x3
  1146                           
  1147     0073                     ??_HAL_UART_WriteChar:	
  1148                           ; 1 bytes @ 0x3
  1149                           
  1150     0073                     ??_HAL_ADC_Init:	
  1151                           ; 1 bytes @ 0x3
  1152                           
  1153     0073                     ??___lmul:	
  1154                           ; 1 bytes @ 0x3
  1155                           
  1156                           
  1157                           ; 1 bytes @ 0x3
  1158     0073                     	ds	1
  1159     0074                     ?_HAL_UART_WriteString:
  1160     0074                     HAL_GPIO_SetDirection@dir:	
  1161                           ; 1 bytes @ 0x4
  1162                           
  1163     0074                     HAL_GPIO_PullUpEnable@pin:	
  1164                           ; 1 bytes @ 0x4
  1165                           
  1166     0074                     HAL_GPIO_WritePin@state:	
  1167                           ; 1 bytes @ 0x4
  1168                           
  1169     0074                     HAL_UART_WriteString@str:	
  1170                           ; 1 bytes @ 0x4
  1171                           
  1172     0074                     ___lmul@product:	
  1173                           ; 1 bytes @ 0x4
  1174                           
  1175     0074                     ??_HAL_GPIO_ReadPin:	
  1176                           ; 4 bytes @ 0x4
  1177                           
  1178                           
  1179                           ; 1 bytes @ 0x4
  1180     0074                     	ds	1
  1181     0075                     ___wmul@multiplicand:
  1182     0075                     ??_HAL_GPIO_SetDirection:	
  1183                           ; 2 bytes @ 0x5
  1184                           
  1185     0075                     ??_HAL_GPIO_WritePin:	
  1186                           ; 1 bytes @ 0x5
  1187                           
  1188     0075                     ??_HAL_UART_WriteString:	
  1189                           ; 1 bytes @ 0x5
  1190                           
  1191     0075                     ??_HAL_ADC_Read:	
  1192                           ; 1 bytes @ 0x5
  1193                           
  1194                           
  1195                           ; 1 bytes @ 0x5
  1196     0075                     	ds	1
  1197     0076                     HAL_GPIO_ReadPin@port:
  1198     0076                     HAL_ADC_Read@channel:	
  1199                           ; 1 bytes @ 0x6
  1200                           
  1201                           
  1202                           ; 1 bytes @ 0x6
  1203     0076                     	ds	1
  1204     0077                     HAL_GPIO_SetDirection@port:
  1205     0077                     HAL_GPIO_WritePin@port:	
  1206                           ; 1 bytes @ 0x7
  1207                           
  1208     0077                     HAL_GPIO_ReadPin@bit_status:	
  1209                           ; 1 bytes @ 0x7
  1210                           
  1211     0077                     ___wmul@product:	
  1212                           ; 1 bytes @ 0x7
  1213                           
  1214     0077                     ??_SysTick_GetMs:	
  1215                           ; 2 bytes @ 0x7
  1216                           
  1217     0077                     ??___wmul:	
  1218                           ; 1 bytes @ 0x7
  1219                           
  1220                           
  1221                           ; 1 bytes @ 0x7
  1222     0077                     	ds	1
  1223     0078                     ??_sys_config:
  1224     0078                     ??___lldiv:	
  1225                           ; 1 bytes @ 0x8
  1226                           
  1227                           
  1228                           ; 1 bytes @ 0x8
  1229     0078                     	ds	1
  1230     0079                     ___lwmod@counter:
  1231     0079                     ??_HAL_UART_Init:	
  1232                           ; 1 bytes @ 0x9
  1233                           
  1234     0079                     ??___lwdiv:	
  1235                           ; 1 bytes @ 0x9
  1236                           
  1237     0079                     ??___lwmod:	
  1238                           ; 1 bytes @ 0x9
  1239                           
  1240                           
  1241                           ; 1 bytes @ 0x9
  1242     0079                     	ds	1
  1243     007A                     ??_HAL_UART_WriteInt:
  1244                           
  1245                           	psect	cstackBANK0
  1246     0020                     __pcstackBANK0:	
  1247                           ; 1 bytes @ 0xA
  1248                           
  1249     0020                     ?___lwdiv:
  1250     0020                     ?___lmul:	
  1251                           ; 2 bytes @ 0x0
  1252                           
  1253     0020                     ___lwdiv@divisor:	
  1254                           ; 4 bytes @ 0x0
  1255                           
  1256     0020                     ___lmul@multiplier:	
  1257                           ; 2 bytes @ 0x0
  1258                           
  1259                           
  1260                           ; 4 bytes @ 0x0
  1261     0020                     	ds	2
  1262     0022                     ___lwdiv@dividend:
  1263                           
  1264                           ; 2 bytes @ 0x2
  1265     0022                     	ds	2
  1266     0024                     ___lwdiv@quotient:
  1267     0024                     ___lmul@multiplicand:	
  1268                           ; 2 bytes @ 0x4
  1269                           
  1270                           
  1271                           ; 4 bytes @ 0x4
  1272     0024                     	ds	2
  1273     0026                     ___lwdiv@counter:
  1274                           
  1275                           ; 1 bytes @ 0x6
  1276     0026                     	ds	1
  1277     0027                     ?___lwmod:
  1278     0027                     ___lwmod@divisor:	
  1279                           ; 2 bytes @ 0x7
  1280                           
  1281                           
  1282                           ; 2 bytes @ 0x7
  1283     0027                     	ds	1
  1284     0028                     ?___lldiv:
  1285     0028                     ___lldiv@divisor:	
  1286                           ; 4 bytes @ 0x8
  1287                           
  1288                           
  1289                           ; 4 bytes @ 0x8
  1290     0028                     	ds	1
  1291     0029                     ___lwmod@dividend:
  1292                           
  1293                           ; 2 bytes @ 0x9
  1294     0029                     	ds	2
  1295     002B                     ?_HAL_UART_WriteInt:
  1296     002B                     HAL_UART_WriteInt@val:	
  1297                           ; 1 bytes @ 0xB
  1298                           
  1299                           
  1300                           ; 2 bytes @ 0xB
  1301     002B                     	ds	1
  1302     002C                     ___lldiv@dividend:
  1303                           
  1304                           ; 4 bytes @ 0xC
  1305     002C                     	ds	1
  1306     002D                     HAL_UART_WriteInt@buffer:
  1307                           
  1308                           ; 6 bytes @ 0xD
  1309     002D                     	ds	3
  1310     0030                     ___lldiv@quotient:
  1311                           
  1312                           ; 4 bytes @ 0x10
  1313     0030                     	ds	3
  1314     0033                     HAL_UART_WriteInt@i:
  1315                           
  1316                           ; 2 bytes @ 0x13
  1317     0033                     	ds	1
  1318     0034                     ___lldiv@counter:
  1319                           
  1320                           ; 1 bytes @ 0x14
  1321     0034                     	ds	1
  1322     0035                     ?_HAL_PWM_SetDuty:
  1323     0035                     ?_HAL_UART_Init:	
  1324                           ; 1 bytes @ 0x15
  1325                           
  1326     0035                     HAL_PWM_SetDuty@duty:	
  1327                           ; 1 bytes @ 0x15
  1328                           
  1329     0035                     HAL_UART_WriteInt@j:	
  1330                           ; 2 bytes @ 0x15
  1331                           
  1332     0035                     HAL_UART_Init@baud_rate:	
  1333                           ; 2 bytes @ 0x15
  1334                           
  1335                           
  1336                           ; 4 bytes @ 0x15
  1337     0035                     	ds	2
  1338     0037                     ??_HAL_PWM_SetDuty:
  1339                           
  1340                           ; 1 bytes @ 0x17
  1341     0037                     	ds	4
  1342     003B                     HAL_PWM_SetDuty@mapped_duty:
  1343                           
  1344                           ; 4 bytes @ 0x1B
  1345     003B                     	ds	4
  1346     003F                     ??_main:
  1347                           
  1348                           ; 1 bytes @ 0x1F
  1349     003F                     	ds	4
  1350     0043                     main@v_int:
  1351                           
  1352                           ; 2 bytes @ 0x23
  1353     0043                     	ds	2
  1354     0045                     main@last_uart_time:
  1355                           
  1356                           ; 4 bytes @ 0x25
  1357     0045                     	ds	4
  1358     0049                     main@p_bt1:
  1359                           
  1360                           ; 1 bytes @ 0x29
  1361     0049                     	ds	1
  1362     004A                     main@p_bt2:
  1363                           
  1364                           ; 1 bytes @ 0x2A
  1365     004A                     	ds	1
  1366     004B                     main@p_bt3:
  1367                           
  1368                           ; 1 bytes @ 0x2B
  1369     004B                     	ds	1
  1370     004C                     main@p_bt4:
  1371                           
  1372                           ; 1 bytes @ 0x2C
  1373     004C                     	ds	1
  1374     004D                     _main$829:
  1375                           
  1376                           ; 1 bytes @ 0x2D
  1377     004D                     	ds	1
  1378     004E                     _main$831:
  1379                           
  1380                           ; 1 bytes @ 0x2E
  1381     004E                     	ds	1
  1382     004F                     _main$833:
  1383                           
  1384                           ; 1 bytes @ 0x2F
  1385     004F                     	ds	1
  1386     0050                     _main$835:
  1387                           
  1388                           ; 1 bytes @ 0x30
  1389     0050                     	ds	1
  1390     0051                     main@v_frac:
  1391                           
  1392                           ; 2 bytes @ 0x31
  1393     0051                     	ds	2
  1394     0053                     main@c_bt1:
  1395                           
  1396                           ; 1 bytes @ 0x33
  1397     0053                     	ds	1
  1398     0054                     main@c_bt2:
  1399                           
  1400                           ; 1 bytes @ 0x34
  1401     0054                     	ds	1
  1402     0055                     main@c_bt3:
  1403                           
  1404                           ; 1 bytes @ 0x35
  1405     0055                     	ds	1
  1406     0056                     main@c_bt4:
  1407                           
  1408                           ; 1 bytes @ 0x36
  1409     0056                     	ds	1
  1410     0057                     main@press_bt1:
  1411                           
  1412                           ; 1 bytes @ 0x37
  1413     0057                     	ds	1
  1414     0058                     main@press_bt2:
  1415                           
  1416                           ; 1 bytes @ 0x38
  1417     0058                     	ds	1
  1418     0059                     main@press_bt3:
  1419                           
  1420                           ; 1 bytes @ 0x39
  1421     0059                     	ds	1
  1422     005A                     main@adc_val:
  1423                           
  1424                           ; 2 bytes @ 0x3A
  1425     005A                     	ds	2
  1426     005C                     main@press_bt4:
  1427                           
  1428                           ; 1 bytes @ 0x3C
  1429     005C                     	ds	1
  1430     005D                     main@lock_state:
  1431                           
  1432                           ; 1 bytes @ 0x3D
  1433     005D                     	ds	1
  1434     005E                     main@start_time:
  1435                           
  1436                           ; 4 bytes @ 0x3E
  1437     005E                     	ds	4
  1438     0062                     main@pot_enabled:
  1439                           
  1440                           ; 1 bytes @ 0x42
  1441     0062                     	ds	1
  1442                           
  1443                           	psect	maintext
  1444     001B                     __pmaintext:	
  1445 ;;
  1446 ;;Main: autosize = 0, tempsize = 4, incstack = 0, save=0
  1447 ;;
  1448 ;; *************** function _main *****************
  1449 ;; Defined at:
  1450 ;;		line 46 in file "bai2.c"
  1451 ;; Parameters:    Size  Location     Type
  1452 ;;		None
  1453 ;; Auto vars:     Size  Location     Type
  1454 ;;  adc_val         2   58[BANK0 ] unsigned short 
  1455 ;;  v_frac          2   49[BANK0 ] unsigned short 
  1456 ;;  v_int           2   35[BANK0 ] unsigned short 
  1457 ;;  press_bt4       1   60[BANK0 ] _Bool 
  1458 ;;  press_bt3       1   57[BANK0 ] _Bool 
  1459 ;;  press_bt2       1   56[BANK0 ] _Bool 
  1460 ;;  press_bt1       1   55[BANK0 ] _Bool 
  1461 ;;  c_bt4           1   54[BANK0 ] _Bool 
  1462 ;;  c_bt3           1   53[BANK0 ] _Bool 
  1463 ;;  c_bt2           1   52[BANK0 ] _Bool 
  1464 ;;  c_bt1           1   51[BANK0 ] _Bool 
  1465 ;;  start_time      4   62[BANK0 ] unsigned long 
  1466 ;;  last_uart_ti    4   37[BANK0 ] unsigned long 
  1467 ;;  pot_enabled     1   66[BANK0 ] _Bool 
  1468 ;;  lock_state      1   61[BANK0 ] unsigned char 
  1469 ;;  p_bt4           1   44[BANK0 ] _Bool 
  1470 ;;  p_bt3           1   43[BANK0 ] _Bool 
  1471 ;;  p_bt2           1   42[BANK0 ] _Bool 
  1472 ;;  p_bt1           1   41[BANK0 ] _Bool 
  1473 ;; Return value:  Size  Location     Type
  1474 ;;                  2  308[None  ] int 
  1475 ;; Registers used:
  1476 ;;		wreg, fsr0l, fsr0h, status,2, status,0, pclath, cstack
  1477 ;; Tracked objects:
  1478 ;;		On entry : B00/0
  1479 ;;		On exit  : 0/0
  1480 ;;		Unchanged: 0/0
  1481 ;; Data sizes:     COMMON   BANK0   BANK1   BANK3   BANK2
  1482 ;;      Params:         0       0       0       0       0
  1483 ;;      Locals:         0      32       0       0       0
  1484 ;;      Temps:          0       4       0       0       0
  1485 ;;      Totals:         0      36       0       0       0
  1486 ;;Total ram usage:       36 bytes
  1487 ;; Hardware stack levels required when called: 4
  1488 ;; This function calls:
  1489 ;;		_HAL_ADC_Init
  1490 ;;		_HAL_ADC_Read
  1491 ;;		_HAL_GPIO_ReadPin
  1492 ;;		_HAL_GPIO_WritePin
  1493 ;;		_HAL_PWM_Init
  1494 ;;		_HAL_PWM_SetDuty
  1495 ;;		_HAL_UART_Init
  1496 ;;		_HAL_UART_WriteInt
  1497 ;;		_HAL_UART_WriteString
  1498 ;;		_SysTick_GetMs
  1499 ;;		_SysTick_Init
  1500 ;;		___lwdiv
  1501 ;;		___lwmod
  1502 ;;		___wmul
  1503 ;;		_sys_config
  1504 ;; This function is called by:
  1505 ;;		Startup code after reset
  1506 ;; This function uses a non-reentrant model
  1507 ;;
  1508                           
  1509     001B                     _main:	
  1510                           ;psect for function _main
  1511                           
  1512     001B                     l2543:	
  1513                           ;incstack = 0
  1514                           ; Regs used in _main: [wreg-fsr0h+status,2+status,0+pclath+cstack]
  1515                           
  1516                           
  1517                           ;bai2.c: 47:         _Bool press_bt3 = (c_bt3 && !p_bt3);
  1518     001B  120A  118A  25AF  120A  118A  	fcall	_sys_config
  1519     0020                     l2545:
  1520                           
  1521                           ;bai2.c: 48:         _Bool press_bt4 = (c_bt4 && !p_bt4);
  1522     0020  120A  158A  24F0  120A  118A  	fcall	_HAL_PWM_Init
  1523     0025                     l2547:
  1524                           
  1525                           ;bai2.c: 49: 
  1526     0025  120A  158A  24B9  120A  118A  	fcall	_HAL_ADC_Init
  1527     002A                     l2549:
  1528                           
  1529                           ;bai2.c: 50:         if (rx_cmd == 'R') {
  1530     002A  3000               	movlw	0
  1531     002B  1283               	bcf	3,5	;RP0=0, select bank0
  1532     002C  1303               	bcf	3,6	;RP1=0, select bank0
  1533     002D  00B8               	movwf	HAL_UART_Init@baud_rate+3
  1534     002E  3000               	movlw	0
  1535     002F  00B7               	movwf	HAL_UART_Init@baud_rate+2
  1536     0030  3025               	movlw	37
  1537     0031  00B6               	movwf	HAL_UART_Init@baud_rate+1
  1538     0032  3080               	movlw	128
  1539     0033  00B5               	movwf	HAL_UART_Init@baud_rate
  1540     0034  120A  158A  2597  120A  118A  	fcall	_HAL_UART_Init
  1541     0039                     l2551:
  1542                           
  1543                           ;bai2.c: 51:             lock_state = 0;
  1544     0039  120A  158A  24E3  120A  118A  	fcall	_SysTick_Init
  1545     003E                     l2553:
  1546                           
  1547                           ;bai2.c: 53:             HAL_GPIO_WritePin(PORT_D, PIN_5, GPIO_LOW);
  1548     003E  1683               	bsf	3,5	;RP0=1, select bank1
  1549     003F  1303               	bcf	3,6	;RP1=0, select bank1
  1550     0040  168C               	bsf	12,5	;volatile
  1551     0041                     l2555:
  1552                           
  1553                           ;bai2.c: 54:             HAL_GPIO_WritePin(PORT_D, PIN_6, GPIO_LOW);
  1554     0041  170B               	bsf	11,6	;volatile
  1555     0042                     l2557:
  1556                           
  1557                           ;bai2.c: 55:             HAL_PWM_SetDuty(0);
  1558     0042  178B               	bsf	11,7	;volatile
  1559     0043                     l2559:
  1560                           
  1561                           ;bai2.c: 57:             rx_cmd = 0;
  1562     0043  1283               	bcf	3,5	;RP0=0, select bank0
  1563     0044  1303               	bcf	3,6	;RP1=0, select bank0
  1564     0045  01DD               	clrf	main@lock_state
  1565     0046                     l2561:
  1566                           
  1567                           ;bai2.c: 58:         }
  1568     0046  3000               	movlw	0
  1569     0047  00E1               	movwf	main@start_time+3
  1570     0048  3000               	movlw	0
  1571     0049  00E0               	movwf	main@start_time+2
  1572     004A  3000               	movlw	0
  1573     004B  00DF               	movwf	main@start_time+1
  1574     004C  3000               	movlw	0
  1575     004D  00DE               	movwf	main@start_time
  1576     004E                     l2563:
  1577                           
  1578                           ;bai2.c: 59: 
  1579     004E  01E2               	clrf	main@pot_enabled
  1580     004F                     l2565:
  1581                           
  1582                           ;bai2.c: 61:             case 0:
  1583     004F  3001               	movlw	1
  1584     0050  00C9               	movwf	main@p_bt1
  1585     0051                     l2567:
  1586     0051  3001               	movlw	1
  1587     0052  00CA               	movwf	main@p_bt2
  1588     0053                     l2569:
  1589     0053  3001               	movlw	1
  1590     0054  00CB               	movwf	main@p_bt3
  1591     0055                     l2571:
  1592     0055  3001               	movlw	1
  1593     0056  00CC               	movwf	main@p_bt4
  1594     0057                     l2573:
  1595                           
  1596                           ;bai2.c: 62:                 if (press_bt1 || rx_cmd == 'F') {
  1597     0057  3000               	movlw	0
  1598     0058  00C8               	movwf	main@last_uart_time+3
  1599     0059  3000               	movlw	0
  1600     005A  00C7               	movwf	main@last_uart_time+2
  1601     005B  3000               	movlw	0
  1602     005C  00C6               	movwf	main@last_uart_time+1
  1603     005D  3000               	movlw	0
  1604     005E  00C5               	movwf	main@last_uart_time
  1605     005F                     l2575:
  1606                           
  1607                           ;bai2.c: 65:                     HAL_GPIO_WritePin(PORT_D, PIN_4, GPIO_HIGH);
  1608     005F  3003               	movlw	3
  1609     0060  00F3               	movwf	HAL_GPIO_ReadPin@pin
  1610     0061  3001               	movlw	1
  1611     0062  120A  118A  276F  120A  118A  	fcall	_HAL_GPIO_ReadPin
  1612     0067  3A00               	xorlw	0
  1613     0068  1903               	skipnz
  1614     0069  286B               	goto	u3911
  1615     006A  286D               	goto	u3910
  1616     006B                     u3911:
  1617     006B  3001               	movlw	1
  1618     006C  286E               	goto	u3920
  1619     006D                     u3910:
  1620     006D  3000               	movlw	0
  1621     006E                     u3920:
  1622     006E  1283               	bcf	3,5	;RP0=0, select bank0
  1623     006F  1303               	bcf	3,6	;RP1=0, select bank0
  1624     0070  00D3               	movwf	main@c_bt1
  1625     0071                     l2577:
  1626                           
  1627                           ;bai2.c: 66:                     HAL_PWM_SetDuty(1023);
  1628     0071  3004               	movlw	4
  1629     0072  00F3               	movwf	HAL_GPIO_ReadPin@pin
  1630     0073  3001               	movlw	1
  1631     0074  120A  118A  276F  120A  118A  	fcall	_HAL_GPIO_ReadPin
  1632     0079  3A00               	xorlw	0
  1633     007A  1903               	skipnz
  1634     007B  287D               	goto	u3931
  1635     007C  287F               	goto	u3930
  1636     007D                     u3931:
  1637     007D  3001               	movlw	1
  1638     007E  2880               	goto	u3940
  1639     007F                     u3930:
  1640     007F  3000               	movlw	0
  1641     0080                     u3940:
  1642     0080  1283               	bcf	3,5	;RP0=0, select bank0
  1643     0081  1303               	bcf	3,6	;RP1=0, select bank0
  1644     0082  00D4               	movwf	main@c_bt2
  1645     0083                     l2579:
  1646                           
  1647                           ;bai2.c: 67:                     pot_enabled = 0;
  1648     0083  3005               	movlw	5
  1649     0084  00F3               	movwf	HAL_GPIO_ReadPin@pin
  1650     0085  3001               	movlw	1
  1651     0086  120A  118A  276F  120A  118A  	fcall	_HAL_GPIO_ReadPin
  1652     008B  3A00               	xorlw	0
  1653     008C  1903               	skipnz
  1654     008D  288F               	goto	u3951
  1655     008E  2891               	goto	u3950
  1656     008F                     u3951:
  1657     008F  3001               	movlw	1
  1658     0090  2892               	goto	u3960
  1659     0091                     u3950:
  1660     0091  3000               	movlw	0
  1661     0092                     u3960:
  1662     0092  1283               	bcf	3,5	;RP0=0, select bank0
  1663     0093  1303               	bcf	3,6	;RP1=0, select bank0
  1664     0094  00D5               	movwf	main@c_bt3
  1665     0095                     l2581:
  1666                           
  1667                           ;bai2.c: 68:                     rx_cmd = 0;
  1668     0095  3002               	movlw	2
  1669     0096  00F3               	movwf	HAL_GPIO_ReadPin@pin
  1670     0097  3001               	movlw	1
  1671     0098  120A  118A  276F  120A  118A  	fcall	_HAL_GPIO_ReadPin
  1672     009D  3A00               	xorlw	0
  1673     009E  1903               	skipnz
  1674     009F  28A1               	goto	u3971
  1675     00A0  28A3               	goto	u3970
  1676     00A1                     u3971:
  1677     00A1  3001               	movlw	1
  1678     00A2  28A4               	goto	u3980
  1679     00A3                     u3970:
  1680     00A3  3000               	movlw	0
  1681     00A4                     u3980:
  1682     00A4  1283               	bcf	3,5	;RP0=0, select bank0
  1683     00A5  1303               	bcf	3,6	;RP1=0, select bank0
  1684     00A6  00D6               	movwf	main@c_bt4
  1685     00A7                     l2583:
  1686                           
  1687                           ;bai2.c: 69:                 }
  1688     00A7  01CD               	clrf	_main$829
  1689     00A8                     l2585:
  1690     00A8  0853               	movf	main@c_bt1,w
  1691     00A9  1903               	btfsc	3,2
  1692     00AA  28AC               	goto	u3991
  1693     00AB  28AD               	goto	u3990
  1694     00AC                     u3991:
  1695     00AC  28B4               	goto	l2591
  1696     00AD                     u3990:
  1697     00AD                     l2587:
  1698     00AD  0849               	movf	main@p_bt1,w
  1699     00AE  1D03               	btfss	3,2
  1700     00AF  28B1               	goto	u4001
  1701     00B0  28B2               	goto	u4000
  1702     00B1                     u4001:
  1703     00B1  28B4               	goto	l2591
  1704     00B2                     u4000:
  1705     00B2                     l2589:
  1706     00B2  3001               	movlw	1
  1707     00B3  00CD               	movwf	_main$829
  1708     00B4                     l2591:
  1709     00B4  084D               	movf	_main$829,w
  1710     00B5  1D03               	btfss	3,2
  1711     00B6  28B8               	goto	u4011
  1712     00B7  28BA               	goto	u4010
  1713     00B8                     u4011:
  1714     00B8  3001               	movlw	1
  1715     00B9  28BB               	goto	u4020
  1716     00BA                     u4010:
  1717     00BA  3000               	movlw	0
  1718     00BB                     u4020:
  1719     00BB  00D7               	movwf	main@press_bt1
  1720     00BC                     l2593:
  1721                           
  1722                           ;bai2.c: 70:                 else if (press_bt2 || rx_cmd == 'B') {
  1723     00BC  01CE               	clrf	_main$831
  1724     00BD                     l2595:
  1725     00BD  0854               	movf	main@c_bt2,w
  1726     00BE  1903               	btfsc	3,2
  1727     00BF  28C1               	goto	u4031
  1728     00C0  28C2               	goto	u4030
  1729     00C1                     u4031:
  1730     00C1  28C9               	goto	l2601
  1731     00C2                     u4030:
  1732     00C2                     l2597:
  1733     00C2  084A               	movf	main@p_bt2,w
  1734     00C3  1D03               	btfss	3,2
  1735     00C4  28C6               	goto	u4041
  1736     00C5  28C7               	goto	u4040
  1737     00C6                     u4041:
  1738     00C6  28C9               	goto	l2601
  1739     00C7                     u4040:
  1740     00C7                     l2599:
  1741     00C7  3001               	movlw	1
  1742     00C8  00CE               	movwf	_main$831
  1743     00C9                     l2601:
  1744     00C9  084E               	movf	_main$831,w
  1745     00CA  1D03               	btfss	3,2
  1746     00CB  28CD               	goto	u4051
  1747     00CC  28CF               	goto	u4050
  1748     00CD                     u4051:
  1749     00CD  3001               	movlw	1
  1750     00CE  28D0               	goto	u4060
  1751     00CF                     u4050:
  1752     00CF  3000               	movlw	0
  1753     00D0                     u4060:
  1754     00D0  00D8               	movwf	main@press_bt2
  1755     00D1                     l2603:
  1756                           
  1757                           ;bai2.c: 71:                     lock_state = 2;
  1758     00D1  01CF               	clrf	_main$833
  1759     00D2                     l2605:
  1760     00D2  0855               	movf	main@c_bt3,w
  1761     00D3  1903               	btfsc	3,2
  1762     00D4  28D6               	goto	u4071
  1763     00D5  28D7               	goto	u4070
  1764     00D6                     u4071:
  1765     00D6  28DE               	goto	l2611
  1766     00D7                     u4070:
  1767     00D7                     l2607:
  1768     00D7  084B               	movf	main@p_bt3,w
  1769     00D8  1D03               	btfss	3,2
  1770     00D9  28DB               	goto	u4081
  1771     00DA  28DC               	goto	u4080
  1772     00DB                     u4081:
  1773     00DB  28DE               	goto	l2611
  1774     00DC                     u4080:
  1775     00DC                     l2609:
  1776     00DC  3001               	movlw	1
  1777     00DD  00CF               	movwf	_main$833
  1778     00DE                     l2611:
  1779     00DE  084F               	movf	_main$833,w
  1780     00DF  1D03               	btfss	3,2
  1781     00E0  28E2               	goto	u4091
  1782     00E1  28E4               	goto	u4090
  1783     00E2                     u4091:
  1784     00E2  3001               	movlw	1
  1785     00E3  28E5               	goto	u4100
  1786     00E4                     u4090:
  1787     00E4  3000               	movlw	0
  1788     00E5                     u4100:
  1789     00E5  00D9               	movwf	main@press_bt3
  1790     00E6                     l2613:
  1791                           
  1792                           ;bai2.c: 72:                     start_time = SysTick_GetMs();
  1793     00E6  01D0               	clrf	_main$835
  1794     00E7                     l2615:
  1795     00E7  0856               	movf	main@c_bt4,w
  1796     00E8  1903               	btfsc	3,2
  1797     00E9  28EB               	goto	u4111
  1798     00EA  28EC               	goto	u4110
  1799     00EB                     u4111:
  1800     00EB  28F3               	goto	l2621
  1801     00EC                     u4110:
  1802     00EC                     l2617:
  1803     00EC  084C               	movf	main@p_bt4,w
  1804     00ED  1D03               	btfss	3,2
  1805     00EE  28F0               	goto	u4121
  1806     00EF  28F1               	goto	u4120
  1807     00F0                     u4121:
  1808     00F0  28F3               	goto	l2621
  1809     00F1                     u4120:
  1810     00F1                     l2619:
  1811     00F1  3001               	movlw	1
  1812     00F2  00D0               	movwf	_main$835
  1813     00F3                     l2621:
  1814     00F3  0850               	movf	_main$835,w
  1815     00F4  1D03               	btfss	3,2
  1816     00F5  28F7               	goto	u4131
  1817     00F6  28F9               	goto	u4130
  1818     00F7                     u4131:
  1819     00F7  3001               	movlw	1
  1820     00F8  28FA               	goto	u4140
  1821     00F9                     u4130:
  1822     00F9  3000               	movlw	0
  1823     00FA                     u4140:
  1824     00FA  00DC               	movwf	main@press_bt4
  1825                           
  1826                           ;bai2.c: 74:                     HAL_PWM_SetDuty(1023);
  1827     00FB  3052               	movlw	82
  1828     00FC  0667               	xorwf	_rx_cmd,w	;volatile
  1829     00FD  1D03               	btfss	3,2
  1830     00FE  2900               	goto	u4151
  1831     00FF  2901               	goto	u4150
  1832     0100                     u4151:
  1833     0100  2B49               	goto	l2761
  1834     0101                     u4150:
  1835     0101                     l2623:
  1836                           
  1837                           ;bai2.c: 75:                     pot_enabled = 0;
  1838     0101  01DD               	clrf	main@lock_state
  1839     0102                     l2625:
  1840                           
  1841                           ;bai2.c: 76:                     rx_cmd = 0;
  1842     0102  3004               	movlw	4
  1843     0103  00F3               	movwf	HAL_GPIO_WritePin@pin
  1844     0104  01F4               	clrf	HAL_GPIO_WritePin@state
  1845     0105  3003               	movlw	3
  1846     0106  120A  118A  26A9  120A  118A  	fcall	_HAL_GPIO_WritePin
  1847     010B                     l2627:
  1848                           
  1849                           ;bai2.c: 77:                 }
  1850     010B  3005               	movlw	5
  1851     010C  00F3               	movwf	HAL_GPIO_WritePin@pin
  1852     010D  01F4               	clrf	HAL_GPIO_WritePin@state
  1853     010E  3003               	movlw	3
  1854     010F  120A  118A  26A9  120A  118A  	fcall	_HAL_GPIO_WritePin
  1855     0114                     l2629:
  1856                           
  1857                           ;bai2.c: 78:                 else if (press_bt3 || rx_cmd == 'S') {
  1858     0114  3006               	movlw	6
  1859     0115  00F3               	movwf	HAL_GPIO_WritePin@pin
  1860     0116  01F4               	clrf	HAL_GPIO_WritePin@state
  1861     0117  3003               	movlw	3
  1862     0118  120A  118A  26A9  120A  118A  	fcall	_HAL_GPIO_WritePin
  1863     011D                     l2631:
  1864                           
  1865                           ;bai2.c: 79:                     lock_state = 3;
  1866     011D  3000               	movlw	0
  1867     011E  1283               	bcf	3,5	;RP0=0, select bank0
  1868     011F  1303               	bcf	3,6	;RP1=0, select bank0
  1869     0120  00B5               	movwf	HAL_PWM_SetDuty@duty
  1870     0121  00B6               	movwf	HAL_PWM_SetDuty@duty+1
  1871     0122  120A  158A  2795  120A  118A  	fcall	_HAL_PWM_SetDuty
  1872     0127                     l2633:
  1873                           
  1874                           ;bai2.c: 80:                     start_time = SysTick_GetMs();
  1875     0127  1283               	bcf	3,5	;RP0=0, select bank0
  1876     0128  1303               	bcf	3,6	;RP1=0, select bank0
  1877     0129  01E2               	clrf	main@pot_enabled
  1878     012A                     l2635:
  1879                           
  1880                           ;bai2.c: 81:                     HAL_GPIO_WritePin(PORT_D, PIN_6, GPIO_HIGH);
  1881     012A  01E7               	clrf	_rx_cmd	;volatile
  1882     012B  2B49               	goto	l2761
  1883     012C                     l2637:
  1884                           
  1885                           ;bai2.c: 86:                 break;
  1886     012C  0857               	movf	main@press_bt1,w
  1887     012D  1D03               	btfss	3,2
  1888     012E  2930               	goto	u4161
  1889     012F  2931               	goto	u4160
  1890     0130                     u4161:
  1891     0130  2937               	goto	l323
  1892     0131                     u4160:
  1893     0131                     l2639:
  1894     0131  3046               	movlw	70
  1895     0132  0667               	xorwf	_rx_cmd,w	;volatile
  1896     0133  1D03               	btfss	3,2
  1897     0134  2936               	goto	u4171
  1898     0135  2937               	goto	u4170
  1899     0136                     u4171:
  1900     0136  2962               	goto	l2651
  1901     0137                     u4170:
  1902     0137                     l323:
  1903                           
  1904                           ;bai2.c: 87: 
  1905     0137  3001               	movlw	1
  1906     0138  00DD               	movwf	main@lock_state
  1907     0139                     l2641:
  1908                           
  1909                           ;bai2.c: 88:             case 1:
  1910     0139  120A  158A  24CC  120A  118A  	fcall	_SysTick_GetMs
  1911     013E  0876               	movf	?_SysTick_GetMs+3,w
  1912     013F  1283               	bcf	3,5	;RP0=0, select bank0
  1913     0140  1303               	bcf	3,6	;RP1=0, select bank0
  1914     0141  00E1               	movwf	main@start_time+3
  1915     0142  0875               	movf	?_SysTick_GetMs+2,w
  1916     0143  00E0               	movwf	main@start_time+2
  1917     0144  0874               	movf	?_SysTick_GetMs+1,w
  1918     0145  00DF               	movwf	main@start_time+1
  1919     0146  0873               	movf	?_SysTick_GetMs,w
  1920     0147  00DE               	movwf	main@start_time
  1921     0148                     l2643:
  1922                           
  1923                           ;bai2.c: 89: 
  1924     0148  3004               	movlw	4
  1925     0149  00F3               	movwf	HAL_GPIO_WritePin@pin
  1926     014A  01F4               	clrf	HAL_GPIO_WritePin@state
  1927     014B  0AF4               	incf	HAL_GPIO_WritePin@state,f
  1928     014C  3003               	movlw	3
  1929     014D  120A  118A  26A9  120A  118A  	fcall	_HAL_GPIO_WritePin
  1930     0152                     l2645:
  1931                           
  1932                           ;bai2.c: 90:                 if (press_bt1 || rx_cmd == 'F') {
  1933     0152  30FF               	movlw	255
  1934     0153  1283               	bcf	3,5	;RP0=0, select bank0
  1935     0154  1303               	bcf	3,6	;RP1=0, select bank0
  1936     0155  00B5               	movwf	HAL_PWM_SetDuty@duty
  1937     0156  3003               	movlw	3
  1938     0157  00B6               	movwf	HAL_PWM_SetDuty@duty+1
  1939     0158  120A  158A  2795  120A  118A  	fcall	_HAL_PWM_SetDuty
  1940     015D                     l2647:
  1941                           
  1942                           ;bai2.c: 91:                     start_time = SysTick_GetMs();
  1943     015D  1283               	bcf	3,5	;RP0=0, select bank0
  1944     015E  1303               	bcf	3,6	;RP1=0, select bank0
  1945     015F  01E2               	clrf	main@pot_enabled
  1946     0160                     l2649:
  1947                           
  1948                           ;bai2.c: 92:                     rx_cmd = 0;
  1949     0160  01E7               	clrf	_rx_cmd	;volatile
  1950                           
  1951                           ;bai2.c: 93:                 }
  1952     0161  2B57               	goto	l2763
  1953     0162                     l2651:
  1954     0162  0858               	movf	main@press_bt2,w
  1955     0163  1D03               	btfss	3,2
  1956     0164  2966               	goto	u4181
  1957     0165  2967               	goto	u4180
  1958     0166                     u4181:
  1959     0166  296D               	goto	l327
  1960     0167                     u4180:
  1961     0167                     l2653:
  1962     0167  3042               	movlw	66
  1963     0168  0667               	xorwf	_rx_cmd,w	;volatile
  1964     0169  1D03               	btfss	3,2
  1965     016A  296C               	goto	u4191
  1966     016B  296D               	goto	u4190
  1967     016C                     u4191:
  1968     016C  2989               	goto	l2665
  1969     016D                     u4190:
  1970     016D                     l327:
  1971                           
  1972                           ;bai2.c: 95:                 if (press_bt4 || rx_cmd == 'P') {
  1973     016D  3002               	movlw	2
  1974     016E  00DD               	movwf	main@lock_state
  1975     016F                     l2655:
  1976                           
  1977                           ;bai2.c: 96:                     pot_enabled = !pot_enabled;
  1978     016F  120A  158A  24CC  120A  118A  	fcall	_SysTick_GetMs
  1979     0174  0876               	movf	?_SysTick_GetMs+3,w
  1980     0175  1283               	bcf	3,5	;RP0=0, select bank0
  1981     0176  1303               	bcf	3,6	;RP1=0, select bank0
  1982     0177  00E1               	movwf	main@start_time+3
  1983     0178  0875               	movf	?_SysTick_GetMs+2,w
  1984     0179  00E0               	movwf	main@start_time+2
  1985     017A  0874               	movf	?_SysTick_GetMs+1,w
  1986     017B  00DF               	movwf	main@start_time+1
  1987     017C  0873               	movf	?_SysTick_GetMs,w
  1988     017D  00DE               	movwf	main@start_time
  1989     017E                     l2657:
  1990                           
  1991                           ;bai2.c: 97:                     rx_cmd = 0;
  1992     017E  3005               	movlw	5
  1993     017F  00F3               	movwf	HAL_GPIO_WritePin@pin
  1994     0180  01F4               	clrf	HAL_GPIO_WritePin@state
  1995     0181  0AF4               	incf	HAL_GPIO_WritePin@state,f
  1996     0182  3003               	movlw	3
  1997     0183  120A  118A  26A9  120A  118A  	fcall	_HAL_GPIO_WritePin
  1998     0188  2952               	goto	l2645
  1999     0189                     l2665:
  2000     0189  0859               	movf	main@press_bt3,w
  2001     018A  1D03               	btfss	3,2
  2002     018B  298D               	goto	u4201
  2003     018C  298E               	goto	u4200
  2004     018D                     u4201:
  2005     018D  2994               	goto	l331
  2006     018E                     u4200:
  2007     018E                     l2667:
  2008     018E  3053               	movlw	83
  2009     018F  0667               	xorwf	_rx_cmd,w	;volatile
  2010     0190  1D03               	btfss	3,2
  2011     0191  2993               	goto	u4211
  2012     0192  2994               	goto	u4210
  2013     0193                     u4211:
  2014     0193  2B57               	goto	l2763
  2015     0194                     u4210:
  2016     0194                     l331:
  2017                           
  2018                           ;bai2.c: 103:                 if ((SysTick_GetMs() - start_time) >= 5000) {
  2019     0194  3003               	movlw	3
  2020     0195  00DD               	movwf	main@lock_state
  2021     0196                     l2669:
  2022                           
  2023                           ;bai2.c: 104:                     HAL_GPIO_WritePin(PORT_D, PIN_4, GPIO_LOW);
  2024     0196  120A  158A  24CC  120A  118A  	fcall	_SysTick_GetMs
  2025     019B  0876               	movf	?_SysTick_GetMs+3,w
  2026     019C  1283               	bcf	3,5	;RP0=0, select bank0
  2027     019D  1303               	bcf	3,6	;RP1=0, select bank0
  2028     019E  00E1               	movwf	main@start_time+3
  2029     019F  0875               	movf	?_SysTick_GetMs+2,w
  2030     01A0  00E0               	movwf	main@start_time+2
  2031     01A1  0874               	movf	?_SysTick_GetMs+1,w
  2032     01A2  00DF               	movwf	main@start_time+1
  2033     01A3  0873               	movf	?_SysTick_GetMs,w
  2034     01A4  00DE               	movwf	main@start_time
  2035     01A5                     l2671:
  2036                           
  2037                           ;bai2.c: 105:                     HAL_PWM_SetDuty(0);
  2038     01A5  3006               	movlw	6
  2039     01A6  00F3               	movwf	HAL_GPIO_WritePin@pin
  2040     01A7  01F4               	clrf	HAL_GPIO_WritePin@state
  2041     01A8  0AF4               	incf	HAL_GPIO_WritePin@state,f
  2042     01A9  3003               	movlw	3
  2043     01AA  120A  118A  26A9  120A  118A  	fcall	_HAL_GPIO_WritePin
  2044     01AF  2952               	goto	l2645
  2045     01B0                     l2679:
  2046                           
  2047                           ;bai2.c: 114:                 }
  2048     01B0  0857               	movf	main@press_bt1,w
  2049     01B1  1D03               	btfss	3,2
  2050     01B2  29B4               	goto	u4221
  2051     01B3  29B5               	goto	u4220
  2052     01B4                     u4221:
  2053     01B4  29BB               	goto	l2683
  2054     01B5                     u4220:
  2055     01B5                     l2681:
  2056     01B5  3046               	movlw	70
  2057     01B6  0667               	xorwf	_rx_cmd,w	;volatile
  2058     01B7  1D03               	btfss	3,2
  2059     01B8  29BA               	goto	u4231
  2060     01B9  29BB               	goto	u4230
  2061     01BA                     u4231:
  2062     01BA  29CB               	goto	l2687
  2063     01BB                     u4230:
  2064     01BB                     l2683:
  2065                           
  2066                           ;bai2.c: 115:                 if (press_bt4 || rx_cmd == 'P') {
  2067     01BB  120A  158A  24CC  120A  118A  	fcall	_SysTick_GetMs
  2068     01C0  0876               	movf	?_SysTick_GetMs+3,w
  2069     01C1  1283               	bcf	3,5	;RP0=0, select bank0
  2070     01C2  1303               	bcf	3,6	;RP1=0, select bank0
  2071     01C3  00E1               	movwf	main@start_time+3
  2072     01C4  0875               	movf	?_SysTick_GetMs+2,w
  2073     01C5  00E0               	movwf	main@start_time+2
  2074     01C6  0874               	movf	?_SysTick_GetMs+1,w
  2075     01C7  00DF               	movwf	main@start_time+1
  2076     01C8  0873               	movf	?_SysTick_GetMs,w
  2077     01C9  00DE               	movwf	main@start_time
  2078     01CA                     l2685:
  2079                           
  2080                           ;bai2.c: 116:                     pot_enabled = !pot_enabled;
  2081     01CA  01E7               	clrf	_rx_cmd	;volatile
  2082     01CB                     l2687:
  2083                           
  2084                           ;bai2.c: 119:                 if (pot_enabled) {
  2085     01CB  085C               	movf	main@press_bt4,w
  2086     01CC  1D03               	btfss	3,2
  2087     01CD  29CF               	goto	u4241
  2088     01CE  29D0               	goto	u4240
  2089     01CF                     u4241:
  2090     01CF  29D6               	goto	l2691
  2091     01D0                     u4240:
  2092     01D0                     l2689:
  2093     01D0  3050               	movlw	80
  2094     01D1  0667               	xorwf	_rx_cmd,w	;volatile
  2095     01D2  1D03               	btfss	3,2
  2096     01D3  29D5               	goto	u4251
  2097     01D4  29D6               	goto	u4250
  2098     01D5                     u4251:
  2099     01D5  29DF               	goto	l2695
  2100     01D6                     u4250:
  2101     01D6                     l2691:
  2102                           
  2103                           ;bai2.c: 120:                     HAL_PWM_SetDuty(HAL_ADC_Read(0));
  2104     01D6  0862               	movf	main@pot_enabled,w
  2105     01D7  1903               	btfsc	3,2
  2106     01D8  29DA               	goto	u4261
  2107     01D9  29DC               	goto	u4260
  2108     01DA                     u4261:
  2109     01DA  3001               	movlw	1
  2110     01DB  29DD               	goto	u4270
  2111     01DC                     u4260:
  2112     01DC  3000               	movlw	0
  2113     01DD                     u4270:
  2114     01DD  00E2               	movwf	main@pot_enabled
  2115     01DE                     l2693:
  2116                           
  2117                           ;bai2.c: 121:                 }
  2118     01DE  01E7               	clrf	_rx_cmd	;volatile
  2119     01DF                     l2695:
  2120                           
  2121                           ;bai2.c: 123:                     HAL_GPIO_WritePin(PORT_D, PIN_5, GPIO_LOW);
  2122     01DF  0862               	movf	main@pot_enabled,w
  2123     01E0  1903               	btfsc	3,2
  2124     01E1  29E3               	goto	u4281
  2125     01E2  29E4               	goto	u4280
  2126     01E3                     u4281:
  2127     01E3  29F5               	goto	l340
  2128     01E4                     u4280:
  2129     01E4                     l2697:
  2130                           
  2131                           ;bai2.c: 124:                     HAL_PWM_SetDuty(0);
  2132     01E4  3000               	movlw	0
  2133     01E5  120A  158A  256C  120A  118A  	fcall	_HAL_ADC_Read
  2134     01EA  0874               	movf	?_HAL_ADC_Read+1,w
  2135     01EB  1283               	bcf	3,5	;RP0=0, select bank0
  2136     01EC  1303               	bcf	3,6	;RP1=0, select bank0
  2137     01ED  00B6               	movwf	HAL_PWM_SetDuty@duty+1
  2138     01EE  0873               	movf	?_HAL_ADC_Read,w
  2139     01EF  00B5               	movwf	HAL_PWM_SetDuty@duty
  2140     01F0  120A  158A  2795  120A  118A  	fcall	_HAL_PWM_SetDuty
  2141     01F5                     l340:	
  2142                           ;bai2.c: 125:                     lock_state = 0;
  2143                           
  2144                           
  2145                           ;bai2.c: 127:                 break;
  2146     01F5  120A  158A  24CC  120A  118A  	fcall	_SysTick_GetMs
  2147     01FA  0873               	movf	?_SysTick_GetMs,w
  2148     01FB  1283               	bcf	3,5	;RP0=0, select bank0
  2149     01FC  1303               	bcf	3,6	;RP1=0, select bank0
  2150     01FD  00BF               	movwf	??_main
  2151     01FE  0874               	movf	?_SysTick_GetMs+1,w
  2152     01FF  00C0               	movwf	??_main+1
  2153     0200  0875               	movf	?_SysTick_GetMs+2,w
  2154     0201  00C1               	movwf	??_main+2
  2155     0202  0876               	movf	?_SysTick_GetMs+3,w
  2156     0203  00C2               	movwf	??_main+3
  2157     0204  085E               	movf	main@start_time,w
  2158     0205  02BF               	subwf	??_main,f
  2159     0206  085F               	movf	main@start_time+1,w
  2160     0207  1C03               	skipc
  2161     0208  0F5F               	incfsz	main@start_time+1,w
  2162     0209  2A0B               	goto	u4291
  2163     020A  2A0C               	goto	u4292
  2164     020B                     u4291:
  2165     020B  02C0               	subwf	??_main+1,f
  2166     020C                     u4292:
  2167     020C  0860               	movf	main@start_time+2,w
  2168     020D  1C03               	skipc
  2169     020E  0F60               	incfsz	main@start_time+2,w
  2170     020F  2A11               	goto	u4293
  2171     0210  2A12               	goto	u4294
  2172     0211                     u4293:
  2173     0211  02C1               	subwf	??_main+2,f
  2174     0212                     u4294:
  2175     0212  0861               	movf	main@start_time+3,w
  2176     0213  1C03               	skipc
  2177     0214  0F61               	incfsz	main@start_time+3,w
  2178     0215  2A17               	goto	u4295
  2179     0216  2A18               	goto	u4296
  2180     0217                     u4295:
  2181     0217  02C2               	subwf	??_main+3,f
  2182     0218                     u4296:
  2183     0218  0842               	movf	??_main+3,w
  2184     0219  1D03               	btfss	3,2
  2185     021A  2A2A               	goto	u4300
  2186     021B  0841               	movf	??_main+2,w
  2187     021C  1D03               	btfss	3,2
  2188     021D  2A2A               	goto	u4300
  2189     021E  3013               	movlw	19
  2190     021F  0240               	subwf	??_main+1,w
  2191     0220  1D03               	skipz
  2192     0221  2A26               	goto	u4303
  2193     0222  3088               	movlw	136
  2194     0223  023F               	subwf	??_main,w
  2195     0224  1D03               	skipz
  2196     0225  2A26               	goto	u4303
  2197     0226                     u4303:
  2198     0226  1C03               	btfss	3,0
  2199     0227  2A29               	goto	u4301
  2200     0228  2A2A               	goto	u4300
  2201     0229                     u4301:
  2202     0229  2B57               	goto	l2763
  2203     022A                     u4300:
  2204     022A                     l2699:
  2205                           
  2206                           ;bai2.c: 128: 
  2207     022A  3004               	movlw	4
  2208     022B  00F3               	movwf	HAL_GPIO_WritePin@pin
  2209     022C  01F4               	clrf	HAL_GPIO_WritePin@state
  2210     022D  3003               	movlw	3
  2211     022E  120A  118A  26A9  120A  118A  	fcall	_HAL_GPIO_WritePin
  2212     0233                     l2701:
  2213                           
  2214                           ;bai2.c: 129:             case 3:
  2215     0233  3000               	movlw	0
  2216     0234  1283               	bcf	3,5	;RP0=0, select bank0
  2217     0235  1303               	bcf	3,6	;RP1=0, select bank0
  2218     0236  00B5               	movwf	HAL_PWM_SetDuty@duty
  2219     0237  00B6               	movwf	HAL_PWM_SetDuty@duty+1
  2220     0238  120A  158A  2795  120A  118A  	fcall	_HAL_PWM_SetDuty
  2221     023D                     l2703:
  2222                           
  2223                           ;bai2.c: 130:                 if (press_bt3 || rx_cmd == 'S') {
  2224     023D  1283               	bcf	3,5	;RP0=0, select bank0
  2225     023E  1303               	bcf	3,6	;RP1=0, select bank0
  2226     023F  01DD               	clrf	main@lock_state
  2227     0240  2B57               	goto	l2763
  2228     0241                     l2705:
  2229                           
  2230                           ;bai2.c: 135:                     pot_enabled = !pot_enabled;
  2231     0241  0858               	movf	main@press_bt2,w
  2232     0242  1D03               	btfss	3,2
  2233     0243  2A45               	goto	u4311
  2234     0244  2A46               	goto	u4310
  2235     0245                     u4311:
  2236     0245  2A4C               	goto	l2709
  2237     0246                     u4310:
  2238     0246                     l2707:
  2239     0246  3042               	movlw	66
  2240     0247  0667               	xorwf	_rx_cmd,w	;volatile
  2241     0248  1D03               	btfss	3,2
  2242     0249  2A4B               	goto	u4321
  2243     024A  2A4C               	goto	u4320
  2244     024B                     u4321:
  2245     024B  2A5C               	goto	l2713
  2246     024C                     u4320:
  2247     024C                     l2709:
  2248                           
  2249                           ;bai2.c: 136:                     rx_cmd = 0;
  2250     024C  120A  158A  24CC  120A  118A  	fcall	_SysTick_GetMs
  2251     0251  0876               	movf	?_SysTick_GetMs+3,w
  2252     0252  1283               	bcf	3,5	;RP0=0, select bank0
  2253     0253  1303               	bcf	3,6	;RP1=0, select bank0
  2254     0254  00E1               	movwf	main@start_time+3
  2255     0255  0875               	movf	?_SysTick_GetMs+2,w
  2256     0256  00E0               	movwf	main@start_time+2
  2257     0257  0874               	movf	?_SysTick_GetMs+1,w
  2258     0258  00DF               	movwf	main@start_time+1
  2259     0259  0873               	movf	?_SysTick_GetMs,w
  2260     025A  00DE               	movwf	main@start_time
  2261     025B                     l2711:
  2262                           
  2263                           ;bai2.c: 137:                 }
  2264     025B  01E7               	clrf	_rx_cmd	;volatile
  2265     025C                     l2713:
  2266                           
  2267                           ;bai2.c: 139:                     HAL_PWM_SetDuty(HAL_ADC_Read(0));
  2268     025C  085C               	movf	main@press_bt4,w
  2269     025D  1D03               	btfss	3,2
  2270     025E  2A60               	goto	u4331
  2271     025F  2A61               	goto	u4330
  2272     0260                     u4331:
  2273     0260  2A67               	goto	l2717
  2274     0261                     u4330:
  2275     0261                     l2715:
  2276     0261  3050               	movlw	80
  2277     0262  0667               	xorwf	_rx_cmd,w	;volatile
  2278     0263  1D03               	btfss	3,2
  2279     0264  2A66               	goto	u4341
  2280     0265  2A67               	goto	u4340
  2281     0266                     u4341:
  2282     0266  2A70               	goto	l2721
  2283     0267                     u4340:
  2284     0267                     l2717:
  2285                           
  2286                           ;bai2.c: 140:                 }
  2287     0267  0862               	movf	main@pot_enabled,w
  2288     0268  1903               	btfsc	3,2
  2289     0269  2A6B               	goto	u4351
  2290     026A  2A6D               	goto	u4350
  2291     026B                     u4351:
  2292     026B  3001               	movlw	1
  2293     026C  2A6E               	goto	u4360
  2294     026D                     u4350:
  2295     026D  3000               	movlw	0
  2296     026E                     u4360:
  2297     026E  00E2               	movwf	main@pot_enabled
  2298     026F                     l2719:
  2299                           
  2300                           ;bai2.c: 141:                 if ((SysTick_GetMs() - start_time) >= 5000) {
  2301     026F  01E7               	clrf	_rx_cmd	;volatile
  2302     0270                     l2721:
  2303                           
  2304                           ;bai2.c: 143:                     HAL_PWM_SetDuty(0);
  2305     0270  0862               	movf	main@pot_enabled,w
  2306     0271  1903               	btfsc	3,2
  2307     0272  2A74               	goto	u4371
  2308     0273  2A75               	goto	u4370
  2309     0274                     u4371:
  2310     0274  2A86               	goto	l349
  2311     0275                     u4370:
  2312     0275                     l2723:
  2313                           
  2314                           ;bai2.c: 144:                     lock_state = 0;
  2315     0275  3000               	movlw	0
  2316     0276  120A  158A  256C  120A  118A  	fcall	_HAL_ADC_Read
  2317     027B  0874               	movf	?_HAL_ADC_Read+1,w
  2318     027C  1283               	bcf	3,5	;RP0=0, select bank0
  2319     027D  1303               	bcf	3,6	;RP1=0, select bank0
  2320     027E  00B6               	movwf	HAL_PWM_SetDuty@duty+1
  2321     027F  0873               	movf	?_HAL_ADC_Read,w
  2322     0280  00B5               	movwf	HAL_PWM_SetDuty@duty
  2323     0281  120A  158A  2795  120A  118A  	fcall	_HAL_PWM_SetDuty
  2324     0286                     l349:	
  2325                           ;bai2.c: 145:                 }
  2326                           
  2327                           
  2328                           ;bai2.c: 146:                 break;
  2329     0286  120A  158A  24CC  120A  118A  	fcall	_SysTick_GetMs
  2330     028B  0873               	movf	?_SysTick_GetMs,w
  2331     028C  1283               	bcf	3,5	;RP0=0, select bank0
  2332     028D  1303               	bcf	3,6	;RP1=0, select bank0
  2333     028E  00BF               	movwf	??_main
  2334     028F  0874               	movf	?_SysTick_GetMs+1,w
  2335     0290  00C0               	movwf	??_main+1
  2336     0291  0875               	movf	?_SysTick_GetMs+2,w
  2337     0292  00C1               	movwf	??_main+2
  2338     0293  0876               	movf	?_SysTick_GetMs+3,w
  2339     0294  00C2               	movwf	??_main+3
  2340     0295  085E               	movf	main@start_time,w
  2341     0296  02BF               	subwf	??_main,f
  2342     0297  085F               	movf	main@start_time+1,w
  2343     0298  1C03               	skipc
  2344     0299  0F5F               	incfsz	main@start_time+1,w
  2345     029A  2A9C               	goto	u4381
  2346     029B  2A9D               	goto	u4382
  2347     029C                     u4381:
  2348     029C  02C0               	subwf	??_main+1,f
  2349     029D                     u4382:
  2350     029D  0860               	movf	main@start_time+2,w
  2351     029E  1C03               	skipc
  2352     029F  0F60               	incfsz	main@start_time+2,w
  2353     02A0  2AA2               	goto	u4383
  2354     02A1  2AA3               	goto	u4384
  2355     02A2                     u4383:
  2356     02A2  02C1               	subwf	??_main+2,f
  2357     02A3                     u4384:
  2358     02A3  0861               	movf	main@start_time+3,w
  2359     02A4  1C03               	skipc
  2360     02A5  0F61               	incfsz	main@start_time+3,w
  2361     02A6  2AA8               	goto	u4385
  2362     02A7  2AA9               	goto	u4386
  2363     02A8                     u4385:
  2364     02A8  02C2               	subwf	??_main+3,f
  2365     02A9                     u4386:
  2366     02A9  0842               	movf	??_main+3,w
  2367     02AA  1D03               	btfss	3,2
  2368     02AB  2ABB               	goto	u4390
  2369     02AC  0841               	movf	??_main+2,w
  2370     02AD  1D03               	btfss	3,2
  2371     02AE  2ABB               	goto	u4390
  2372     02AF  3013               	movlw	19
  2373     02B0  0240               	subwf	??_main+1,w
  2374     02B1  1D03               	skipz
  2375     02B2  2AB7               	goto	u4393
  2376     02B3  3088               	movlw	136
  2377     02B4  023F               	subwf	??_main,w
  2378     02B5  1D03               	skipz
  2379     02B6  2AB7               	goto	u4393
  2380     02B7                     u4393:
  2381     02B7  1C03               	btfss	3,0
  2382     02B8  2ABA               	goto	u4391
  2383     02B9  2ABB               	goto	u4390
  2384     02BA                     u4391:
  2385     02BA  2B57               	goto	l2763
  2386     02BB                     u4390:
  2387     02BB                     l2725:
  2388                           
  2389                           ;bai2.c: 147: 
  2390     02BB  3005               	movlw	5
  2391     02BC  00F3               	movwf	HAL_GPIO_WritePin@pin
  2392     02BD  01F4               	clrf	HAL_GPIO_WritePin@state
  2393     02BE  3003               	movlw	3
  2394     02BF  120A  118A  26A9  120A  118A  	fcall	_HAL_GPIO_WritePin
  2395     02C4  2A33               	goto	l2701
  2396     02C5                     l2731:
  2397                           
  2398                           ;bai2.c: 154:         p_bt1 = c_bt1; p_bt2 = c_bt2; p_bt3 = c_bt3; p_bt4 = c_bt4;
  2399     02C5  0859               	movf	main@press_bt3,w
  2400     02C6  1D03               	btfss	3,2
  2401     02C7  2AC9               	goto	u4401
  2402     02C8  2ACA               	goto	u4400
  2403     02C9                     u4401:
  2404     02C9  2AD0               	goto	l2735
  2405     02CA                     u4400:
  2406     02CA                     l2733:
  2407     02CA  3053               	movlw	83
  2408     02CB  0667               	xorwf	_rx_cmd,w	;volatile
  2409     02CC  1D03               	btfss	3,2
  2410     02CD  2ACF               	goto	u4411
  2411     02CE  2AD0               	goto	u4410
  2412     02CF                     u4411:
  2413     02CF  2AE0               	goto	l2739
  2414     02D0                     u4410:
  2415     02D0                     l2735:
  2416                           
  2417                           ;bai2.c: 155: 
  2418     02D0  120A  158A  24CC  120A  118A  	fcall	_SysTick_GetMs
  2419     02D5  0876               	movf	?_SysTick_GetMs+3,w
  2420     02D6  1283               	bcf	3,5	;RP0=0, select bank0
  2421     02D7  1303               	bcf	3,6	;RP1=0, select bank0
  2422     02D8  00E1               	movwf	main@start_time+3
  2423     02D9  0875               	movf	?_SysTick_GetMs+2,w
  2424     02DA  00E0               	movwf	main@start_time+2
  2425     02DB  0874               	movf	?_SysTick_GetMs+1,w
  2426     02DC  00DF               	movwf	main@start_time+1
  2427     02DD  0873               	movf	?_SysTick_GetMs,w
  2428     02DE  00DE               	movwf	main@start_time
  2429     02DF                     l2737:
  2430                           
  2431                           ;bai2.c: 156: 
  2432     02DF  01E7               	clrf	_rx_cmd	;volatile
  2433     02E0                     l2739:
  2434                           
  2435                           ;bai2.c: 158:             last_uart_time = SysTick_GetMs();
  2436     02E0  085C               	movf	main@press_bt4,w
  2437     02E1  1D03               	btfss	3,2
  2438     02E2  2AE4               	goto	u4421
  2439     02E3  2AE5               	goto	u4420
  2440     02E4                     u4421:
  2441     02E4  2AEB               	goto	l2743
  2442     02E5                     u4420:
  2443     02E5                     l2741:
  2444     02E5  3050               	movlw	80
  2445     02E6  0667               	xorwf	_rx_cmd,w	;volatile
  2446     02E7  1D03               	btfss	3,2
  2447     02E8  2AEA               	goto	u4431
  2448     02E9  2AEB               	goto	u4430
  2449     02EA                     u4431:
  2450     02EA  2AF4               	goto	l2747
  2451     02EB                     u4430:
  2452     02EB                     l2743:
  2453                           
  2454                           ;bai2.c: 159: 
  2455     02EB  0862               	movf	main@pot_enabled,w
  2456     02EC  1903               	btfsc	3,2
  2457     02ED  2AEF               	goto	u4441
  2458     02EE  2AF1               	goto	u4440
  2459     02EF                     u4441:
  2460     02EF  3001               	movlw	1
  2461     02F0  2AF2               	goto	u4450
  2462     02F1                     u4440:
  2463     02F1  3000               	movlw	0
  2464     02F2                     u4450:
  2465     02F2  00E2               	movwf	main@pot_enabled
  2466     02F3                     l2745:
  2467                           
  2468                           ;bai2.c: 160:             uint16_t adc_val = HAL_ADC_Read(0);
  2469     02F3  01E7               	clrf	_rx_cmd	;volatile
  2470     02F4                     l2747:
  2471                           
  2472                           ;bai2.c: 162:             uint16_t v_frac = ((adc_val * 500) / 1023) % 100;
  2473     02F4  0862               	movf	main@pot_enabled,w
  2474     02F5  1903               	btfsc	3,2
  2475     02F6  2AF8               	goto	u4461
  2476     02F7  2AF9               	goto	u4460
  2477     02F8                     u4461:
  2478     02F8  2B0A               	goto	l358
  2479     02F9                     u4460:
  2480     02F9                     l2749:
  2481                           
  2482                           ;bai2.c: 163: 
  2483     02F9  3000               	movlw	0
  2484     02FA  120A  158A  256C  120A  118A  	fcall	_HAL_ADC_Read
  2485     02FF  0874               	movf	?_HAL_ADC_Read+1,w
  2486     0300  1283               	bcf	3,5	;RP0=0, select bank0
  2487     0301  1303               	bcf	3,6	;RP1=0, select bank0
  2488     0302  00B6               	movwf	HAL_PWM_SetDuty@duty+1
  2489     0303  0873               	movf	?_HAL_ADC_Read,w
  2490     0304  00B5               	movwf	HAL_PWM_SetDuty@duty
  2491     0305  120A  158A  2795  120A  118A  	fcall	_HAL_PWM_SetDuty
  2492     030A                     l358:	
  2493                           ;bai2.c: 164:             HAL_UART_WriteString("ADC:"); HAL_UART_WriteInt(adc_val);
  2494                           
  2495                           
  2496                           ;bai2.c: 165:             HAL_UART_WriteString(",VOLT:"); HAL_UART_WriteInt(v_int);
  2497     030A  120A  158A  24CC  120A  118A  	fcall	_SysTick_GetMs
  2498     030F  0873               	movf	?_SysTick_GetMs,w
  2499     0310  1283               	bcf	3,5	;RP0=0, select bank0
  2500     0311  1303               	bcf	3,6	;RP1=0, select bank0
  2501     0312  00BF               	movwf	??_main
  2502     0313  0874               	movf	?_SysTick_GetMs+1,w
  2503     0314  00C0               	movwf	??_main+1
  2504     0315  0875               	movf	?_SysTick_GetMs+2,w
  2505     0316  00C1               	movwf	??_main+2
  2506     0317  0876               	movf	?_SysTick_GetMs+3,w
  2507     0318  00C2               	movwf	??_main+3
  2508     0319  085E               	movf	main@start_time,w
  2509     031A  02BF               	subwf	??_main,f
  2510     031B  085F               	movf	main@start_time+1,w
  2511     031C  1C03               	skipc
  2512     031D  0F5F               	incfsz	main@start_time+1,w
  2513     031E  2B20               	goto	u4471
  2514     031F  2B21               	goto	u4472
  2515     0320                     u4471:
  2516     0320  02C0               	subwf	??_main+1,f
  2517     0321                     u4472:
  2518     0321  0860               	movf	main@start_time+2,w
  2519     0322  1C03               	skipc
  2520     0323  0F60               	incfsz	main@start_time+2,w
  2521     0324  2B26               	goto	u4473
  2522     0325  2B27               	goto	u4474
  2523     0326                     u4473:
  2524     0326  02C1               	subwf	??_main+2,f
  2525     0327                     u4474:
  2526     0327  0861               	movf	main@start_time+3,w
  2527     0328  1C03               	skipc
  2528     0329  0F61               	incfsz	main@start_time+3,w
  2529     032A  2B2C               	goto	u4475
  2530     032B  2B2D               	goto	u4476
  2531     032C                     u4475:
  2532     032C  02C2               	subwf	??_main+3,f
  2533     032D                     u4476:
  2534     032D  0842               	movf	??_main+3,w
  2535     032E  1D03               	btfss	3,2
  2536     032F  2B3F               	goto	u4480
  2537     0330  0841               	movf	??_main+2,w
  2538     0331  1D03               	btfss	3,2
  2539     0332  2B3F               	goto	u4480
  2540     0333  3013               	movlw	19
  2541     0334  0240               	subwf	??_main+1,w
  2542     0335  1D03               	skipz
  2543     0336  2B3B               	goto	u4483
  2544     0337  3088               	movlw	136
  2545     0338  023F               	subwf	??_main,w
  2546     0339  1D03               	skipz
  2547     033A  2B3B               	goto	u4483
  2548     033B                     u4483:
  2549     033B  1C03               	btfss	3,0
  2550     033C  2B3E               	goto	u4481
  2551     033D  2B3F               	goto	u4480
  2552     033E                     u4481:
  2553     033E  2B57               	goto	l2763
  2554     033F                     u4480:
  2555     033F                     l2751:
  2556                           
  2557                           ;bai2.c: 166:             HAL_UART_WriteString(".");
  2558     033F  3006               	movlw	6
  2559     0340  00F3               	movwf	HAL_GPIO_WritePin@pin
  2560     0341  01F4               	clrf	HAL_GPIO_WritePin@state
  2561     0342  3003               	movlw	3
  2562     0343  120A  118A  26A9  120A  118A  	fcall	_HAL_GPIO_WritePin
  2563     0348  2A33               	goto	l2701
  2564     0349                     l2761:
  2565     0349  085D               	movf	main@lock_state,w
  2566                           
  2567                           ; Switch size 1, requested type "simple"
  2568                           ; Number of cases is 4, Range of values is 0 to 3
  2569                           ; switch strategies available:
  2570                           ; Name         Instructions Cycles
  2571                           ; simple_byte           13     7 (average)
  2572                           ; direct_byte           20     8 (fixed)
  2573                           ; jumptable            260     6 (fixed)
  2574                           ;	Chosen strategy is simple_byte
  2575     034A  3A00               	xorlw	0	; case 0
  2576     034B  1903               	skipnz
  2577     034C  292C               	goto	l2637
  2578     034D  3A01               	xorlw	1	; case 1
  2579     034E  1903               	skipnz
  2580     034F  29B0               	goto	l2679
  2581     0350  3A03               	xorlw	3	; case 2
  2582     0351  1903               	skipnz
  2583     0352  2A41               	goto	l2705
  2584     0353  3A01               	xorlw	1	; case 3
  2585     0354  1903               	skipnz
  2586     0355  2AC5               	goto	l2731
  2587     0356  2A3D               	goto	l2703
  2588     0357                     l2763:
  2589     0357  1283               	bcf	3,5	;RP0=0, select bank0
  2590     0358  1303               	bcf	3,6	;RP1=0, select bank0
  2591     0359  0853               	movf	main@c_bt1,w
  2592     035A  00C9               	movwf	main@p_bt1
  2593     035B  0854               	movf	main@c_bt2,w
  2594     035C  00CA               	movwf	main@p_bt2
  2595     035D  0855               	movf	main@c_bt3,w
  2596     035E  00CB               	movwf	main@p_bt3
  2597     035F  0856               	movf	main@c_bt4,w
  2598     0360  00CC               	movwf	main@p_bt4
  2599     0361                     l2765:
  2600     0361  120A  158A  24CC  120A  118A  	fcall	_SysTick_GetMs
  2601     0366  0873               	movf	?_SysTick_GetMs,w
  2602     0367  1283               	bcf	3,5	;RP0=0, select bank0
  2603     0368  1303               	bcf	3,6	;RP1=0, select bank0
  2604     0369  00BF               	movwf	??_main
  2605     036A  0874               	movf	?_SysTick_GetMs+1,w
  2606     036B  00C0               	movwf	??_main+1
  2607     036C  0875               	movf	?_SysTick_GetMs+2,w
  2608     036D  00C1               	movwf	??_main+2
  2609     036E  0876               	movf	?_SysTick_GetMs+3,w
  2610     036F  00C2               	movwf	??_main+3
  2611     0370  0845               	movf	main@last_uart_time,w
  2612     0371  02BF               	subwf	??_main,f
  2613     0372  0846               	movf	main@last_uart_time+1,w
  2614     0373  1C03               	skipc
  2615     0374  0F46               	incfsz	main@last_uart_time+1,w
  2616     0375  2B77               	goto	u4491
  2617     0376  2B78               	goto	u4492
  2618     0377                     u4491:
  2619     0377  02C0               	subwf	??_main+1,f
  2620     0378                     u4492:
  2621     0378  0847               	movf	main@last_uart_time+2,w
  2622     0379  1C03               	skipc
  2623     037A  0F47               	incfsz	main@last_uart_time+2,w
  2624     037B  2B7D               	goto	u4493
  2625     037C  2B7E               	goto	u4494
  2626     037D                     u4493:
  2627     037D  02C1               	subwf	??_main+2,f
  2628     037E                     u4494:
  2629     037E  0848               	movf	main@last_uart_time+3,w
  2630     037F  1C03               	skipc
  2631     0380  0F48               	incfsz	main@last_uart_time+3,w
  2632     0381  2B83               	goto	u4495
  2633     0382  2B84               	goto	u4496
  2634     0383                     u4495:
  2635     0383  02C2               	subwf	??_main+3,f
  2636     0384                     u4496:
  2637     0384  0842               	movf	??_main+3,w
  2638     0385  1D03               	btfss	3,2
  2639     0386  2B95               	goto	u4500
  2640     0387  0841               	movf	??_main+2,w
  2641     0388  1D03               	btfss	3,2
  2642     0389  2B95               	goto	u4500
  2643     038A  0840               	movf	??_main+1,w
  2644     038B  1D03               	btfss	3,2
  2645     038C  2B95               	goto	u4500
  2646     038D  3064               	movlw	100
  2647     038E  023F               	subwf	??_main,w
  2648     038F  1D03               	skipz
  2649     0390  2B91               	goto	u4503
  2650     0391                     u4503:
  2651     0391  1C03               	btfss	3,0
  2652     0392  2B94               	goto	u4501
  2653     0393  2B95               	goto	u4500
  2654     0394                     u4501:
  2655     0394  2C67               	goto	l2789
  2656     0395                     u4500:
  2657     0395                     l2767:
  2658     0395  120A  158A  24CC  120A  118A  	fcall	_SysTick_GetMs
  2659     039A  0876               	movf	?_SysTick_GetMs+3,w
  2660     039B  1283               	bcf	3,5	;RP0=0, select bank0
  2661     039C  1303               	bcf	3,6	;RP1=0, select bank0
  2662     039D  00C8               	movwf	main@last_uart_time+3
  2663     039E  0875               	movf	?_SysTick_GetMs+2,w
  2664     039F  00C7               	movwf	main@last_uart_time+2
  2665     03A0  0874               	movf	?_SysTick_GetMs+1,w
  2666     03A1  00C6               	movwf	main@last_uart_time+1
  2667     03A2  0873               	movf	?_SysTick_GetMs,w
  2668     03A3  00C5               	movwf	main@last_uart_time
  2669     03A4                     l2769:
  2670     03A4  3000               	movlw	0
  2671     03A5  120A  158A  256C  120A  118A  	fcall	_HAL_ADC_Read
  2672     03AA  0874               	movf	?_HAL_ADC_Read+1,w
  2673     03AB  1283               	bcf	3,5	;RP0=0, select bank0
  2674     03AC  1303               	bcf	3,6	;RP1=0, select bank0
  2675     03AD  00DB               	movwf	main@adc_val+1
  2676     03AE  0873               	movf	?_HAL_ADC_Read,w
  2677     03AF  00DA               	movwf	main@adc_val
  2678     03B0                     l2771:
  2679     03B0  30FF               	movlw	255
  2680     03B1  00A0               	movwf	___lwdiv@divisor
  2681     03B2  3003               	movlw	3
  2682     03B3  00A1               	movwf	___lwdiv@divisor+1
  2683     03B4  085B               	movf	main@adc_val+1,w
  2684     03B5  00F4               	movwf	___wmul@multiplier+1
  2685     03B6  085A               	movf	main@adc_val,w
  2686     03B7  00F3               	movwf	___wmul@multiplier
  2687     03B8  3005               	movlw	5
  2688     03B9  00F5               	movwf	___wmul@multiplicand
  2689     03BA  3000               	movlw	0
  2690     03BB  00F6               	movwf	___wmul@multiplicand+1
  2691     03BC  120A  158A  2547  120A  118A  	fcall	___wmul
  2692     03C1  0874               	movf	?___wmul+1,w
  2693     03C2  1283               	bcf	3,5	;RP0=0, select bank0
  2694     03C3  1303               	bcf	3,6	;RP1=0, select bank0
  2695     03C4  00A3               	movwf	___lwdiv@dividend+1
  2696     03C5  0873               	movf	?___wmul,w
  2697     03C6  00A2               	movwf	___lwdiv@dividend
  2698     03C7  120A  158A  263C  120A  118A  	fcall	___lwdiv
  2699     03CC  1283               	bcf	3,5	;RP0=0, select bank0
  2700     03CD  1303               	bcf	3,6	;RP1=0, select bank0
  2701     03CE  0821               	movf	?___lwdiv+1,w
  2702     03CF  00C4               	movwf	main@v_int+1
  2703     03D0  0820               	movf	?___lwdiv,w
  2704     03D1  00C3               	movwf	main@v_int
  2705     03D2                     l2773:
  2706     03D2  3064               	movlw	100
  2707     03D3  00A7               	movwf	___lwmod@divisor
  2708     03D4  3000               	movlw	0
  2709     03D5  00A8               	movwf	___lwmod@divisor+1
  2710     03D6  30FF               	movlw	255
  2711     03D7  00A0               	movwf	___lwdiv@divisor
  2712     03D8  3003               	movlw	3
  2713     03D9  00A1               	movwf	___lwdiv@divisor+1
  2714     03DA  085B               	movf	main@adc_val+1,w
  2715     03DB  00F4               	movwf	___wmul@multiplier+1
  2716     03DC  085A               	movf	main@adc_val,w
  2717     03DD  00F3               	movwf	___wmul@multiplier
  2718     03DE  30F4               	movlw	244
  2719     03DF  00F5               	movwf	___wmul@multiplicand
  2720     03E0  3001               	movlw	1
  2721     03E1  00F6               	movwf	___wmul@multiplicand+1
  2722     03E2  120A  158A  2547  120A  118A  	fcall	___wmul
  2723     03E7  0874               	movf	?___wmul+1,w
  2724     03E8  1283               	bcf	3,5	;RP0=0, select bank0
  2725     03E9  1303               	bcf	3,6	;RP1=0, select bank0
  2726     03EA  00A3               	movwf	___lwdiv@dividend+1
  2727     03EB  0873               	movf	?___wmul,w
  2728     03EC  00A2               	movwf	___lwdiv@dividend
  2729     03ED  120A  158A  263C  120A  118A  	fcall	___lwdiv
  2730     03F2  1283               	bcf	3,5	;RP0=0, select bank0
  2731     03F3  1303               	bcf	3,6	;RP1=0, select bank0
  2732     03F4  0821               	movf	?___lwdiv+1,w
  2733     03F5  00AA               	movwf	___lwmod@dividend+1
  2734     03F6  0820               	movf	?___lwdiv,w
  2735     03F7  00A9               	movwf	___lwmod@dividend
  2736     03F8  120A  158A  2602  120A  118A  	fcall	___lwmod
  2737     03FD  1283               	bcf	3,5	;RP0=0, select bank0
  2738     03FE  1303               	bcf	3,6	;RP1=0, select bank0
  2739     03FF  0828               	movf	?___lwmod+1,w
  2740     0400  00D2               	movwf	main@v_frac+1
  2741     0401  0827               	movf	?___lwmod,w
  2742     0402  00D1               	movwf	main@v_frac
  2743     0403                     l2775:
  2744     0403  300E               	movlw	(low ((STR_1-__stringbase)| (0+32768)))& (0+255)
  2745     0404  00F4               	movwf	HAL_UART_WriteString@str
  2746     0405  120A  158A  252B  120A  118A  	fcall	_HAL_UART_WriteString
  2747     040A                     l2777:
  2748     040A  1283               	bcf	3,5	;RP0=0, select bank0
  2749     040B  1303               	bcf	3,6	;RP1=0, select bank0
  2750     040C  085B               	movf	main@adc_val+1,w
  2751     040D  00AC               	movwf	HAL_UART_WriteInt@val+1
  2752     040E  085A               	movf	main@adc_val,w
  2753     040F  00AB               	movwf	HAL_UART_WriteInt@val
  2754     0410  120A  158A  272E  120A  118A  	fcall	_HAL_UART_WriteInt
  2755     0415                     l2779:
  2756     0415  3001               	movlw	(low ((STR_2-__stringbase)| (0+32768)))& (0+255)
  2757     0416  00F4               	movwf	HAL_UART_WriteString@str
  2758     0417  120A  158A  252B  120A  118A  	fcall	_HAL_UART_WriteString
  2759     041C                     l2781:
  2760     041C  1283               	bcf	3,5	;RP0=0, select bank0
  2761     041D  1303               	bcf	3,6	;RP1=0, select bank0
  2762     041E  0844               	movf	main@v_int+1,w
  2763     041F  00AC               	movwf	HAL_UART_WriteInt@val+1
  2764     0420  0843               	movf	main@v_int,w
  2765     0421  00AB               	movwf	HAL_UART_WriteInt@val
  2766     0422  120A  158A  272E  120A  118A  	fcall	_HAL_UART_WriteInt
  2767     0427                     l2783:
  2768     0427  3015               	movlw	(low ((STR_3-__stringbase)| (0+32768)))& (0+255)
  2769     0428  00F4               	movwf	HAL_UART_WriteString@str
  2770     0429  120A  158A  252B  120A  118A  	fcall	_HAL_UART_WriteString
  2771     042E                     l2785:
  2772     042E  3000               	movlw	0
  2773     042F  1283               	bcf	3,5	;RP0=0, select bank0
  2774     0430  1303               	bcf	3,6	;RP1=0, select bank0
  2775     0431  0252               	subwf	main@v_frac+1,w
  2776     0432  300A               	movlw	10
  2777     0433  1903               	skipnz
  2778     0434  0251               	subwf	main@v_frac,w
  2779     0435  1803               	skipnc
  2780     0436  2C38               	goto	u4511
  2781     0437  2C39               	goto	u4510
  2782     0438                     u4511:
  2783     0438  2C40               	goto	l362
  2784     0439                     u4510:
  2785     0439                     l2787:
  2786     0439  3017               	movlw	(low ((STR_4-__stringbase)| (0+32768)))& (0+255)
  2787     043A  00F4               	movwf	HAL_UART_WriteString@str
  2788     043B  120A  158A  252B  120A  118A  	fcall	_HAL_UART_WriteString
  2789     0440                     l362:
  2790     0440  1283               	bcf	3,5	;RP0=0, select bank0
  2791     0441  1303               	bcf	3,6	;RP1=0, select bank0
  2792     0442  0852               	movf	main@v_frac+1,w
  2793     0443  00AC               	movwf	HAL_UART_WriteInt@val+1
  2794     0444  0851               	movf	main@v_frac,w
  2795     0445  00AB               	movwf	HAL_UART_WriteInt@val
  2796     0446  120A  158A  272E  120A  118A  	fcall	_HAL_UART_WriteInt
  2797     044B  3008               	movlw	(low ((STR_5-__stringbase)| (0+32768)))& (0+255)
  2798     044C  00F4               	movwf	HAL_UART_WriteString@str
  2799     044D  120A  158A  252B  120A  118A  	fcall	_HAL_UART_WriteString
  2800     0452  1283               	bcf	3,5	;RP0=0, select bank0
  2801     0453  1303               	bcf	3,6	;RP1=0, select bank0
  2802     0454  085D               	movf	main@lock_state,w
  2803     0455  00BF               	movwf	??_main
  2804     0456  01C0               	clrf	??_main+1
  2805     0457  083F               	movf	??_main,w
  2806     0458  00AB               	movwf	HAL_UART_WriteInt@val
  2807     0459  0840               	movf	??_main+1,w
  2808     045A  00AC               	movwf	HAL_UART_WriteInt@val+1
  2809     045B  120A  158A  272E  120A  118A  	fcall	_HAL_UART_WriteInt
  2810     0460  3013               	movlw	(low ((STR_6-__stringbase)| (0+32768)))& (0+255)
  2811     0461  00F4               	movwf	HAL_UART_WriteString@str
  2812     0462  120A  158A  252B  120A  118A  	fcall	_HAL_UART_WriteString
  2813     0467                     l2789:
  2814     0467  3082               	movlw	130
  2815     0468  1283               	bcf	3,5	;RP0=0, select bank0
  2816     0469  1303               	bcf	3,6	;RP1=0, select bank0
  2817     046A  00C0               	movwf	??_main+1
  2818     046B  30DD               	movlw	221
  2819     046C  00BF               	movwf	??_main
  2820     046D                     u4527:
  2821     046D  0BBF               	decfsz	??_main,f
  2822     046E  2C6D               	goto	u4527
  2823     046F  0BC0               	decfsz	??_main+1,f
  2824     0470  2C6D               	goto	u4527
  2825     0471  285F               	goto	l2575
  2826     0472  120A  118A  280C   	ljmp	start
  2827     0475                     __end_of_main:
  2828                           
  2829                           	psect	text1
  2830     05AF                     __ptext1:	
  2831 ;; *************** function _sys_config *****************
  2832 ;; Defined at:
  2833 ;;		line 5 in file "sys/sys_config/sys_config.c"
  2834 ;; Parameters:    Size  Location     Type
  2835 ;;		None
  2836 ;; Auto vars:     Size  Location     Type
  2837 ;;		None
  2838 ;; Return value:  Size  Location     Type
  2839 ;;                  1    wreg      void 
  2840 ;; Registers used:
  2841 ;;		wreg, fsr0l, fsr0h, status,2, status,0, pclath, cstack
  2842 ;; Tracked objects:
  2843 ;;		On entry : 0/0
  2844 ;;		On exit  : 0/0
  2845 ;;		Unchanged: 0/0
  2846 ;; Data sizes:     COMMON   BANK0   BANK1   BANK3   BANK2
  2847 ;;      Params:         0       0       0       0       0
  2848 ;;      Locals:         0       0       0       0       0
  2849 ;;      Temps:          0       0       0       0       0
  2850 ;;      Totals:         0       0       0       0       0
  2851 ;;Total ram usage:        0 bytes
  2852 ;; Hardware stack levels used: 1
  2853 ;; Hardware stack levels required when called: 3
  2854 ;; This function calls:
  2855 ;;		_HAL_GPIO_PullUpEnable
  2856 ;;		_HAL_GPIO_SetDirection
  2857 ;;		_HAL_GPIO_WritePin
  2858 ;; This function is called by:
  2859 ;;		_main
  2860 ;; This function uses a non-reentrant model
  2861 ;;
  2862                           
  2863     05AF                     _sys_config:	
  2864                           ;psect for function _sys_config
  2865                           
  2866     05AF                     l1927:	
  2867                           ;incstack = 0
  2868                           ; Regs used in _sys_config: [wreg-fsr0h+status,2+status,0+pclath+cstack]
  2869                           
  2870                           
  2871                           ;sys/sys_config/sys_config.c: 7:     INTCONbits.GIE = 0;
  2872     05AF  138B               	bcf	11,7	;volatile
  2873                           
  2874                           ;sys/sys_config/sys_config.c: 8:     INTCONbits.PEIE = 0;
  2875     05B0  130B               	bcf	11,6	;volatile
  2876     05B1                     l1929:
  2877                           
  2878                           ;sys/sys_config/sys_config.c: 11:     HAL_GPIO_SetDirection(PORT_D, PIN_2, GPIO_DIR_OUTP
      +                          UT);
  2879     05B1  3002               	movlw	2
  2880     05B2  00F3               	movwf	HAL_GPIO_SetDirection@pin
  2881     05B3  01F4               	clrf	HAL_GPIO_SetDirection@dir
  2882     05B4  3003               	movlw	3
  2883     05B5  120A  118A  2475  120A  118A  	fcall	_HAL_GPIO_SetDirection
  2884                           
  2885                           ;sys/sys_config/sys_config.c: 12:     HAL_GPIO_SetDirection(PORT_D, PIN_3, GPIO_DIR_OUTP
      +                          UT);
  2886     05BA  3003               	movlw	3
  2887     05BB  00F3               	movwf	HAL_GPIO_SetDirection@pin
  2888     05BC  01F4               	clrf	HAL_GPIO_SetDirection@dir
  2889     05BD  3003               	movlw	3
  2890     05BE  120A  118A  2475  120A  118A  	fcall	_HAL_GPIO_SetDirection
  2891                           
  2892                           ;sys/sys_config/sys_config.c: 13:     HAL_GPIO_SetDirection(PORT_D, PIN_7, GPIO_DIR_OUTP
      +                          UT);
  2893     05C3  3007               	movlw	7
  2894     05C4  00F3               	movwf	HAL_GPIO_SetDirection@pin
  2895     05C5  01F4               	clrf	HAL_GPIO_SetDirection@dir
  2896     05C6  3003               	movlw	3
  2897     05C7  120A  118A  2475  120A  118A  	fcall	_HAL_GPIO_SetDirection
  2898                           
  2899                           ;sys/sys_config/sys_config.c: 14:     HAL_GPIO_WritePin(PORT_D, PIN_2, GPIO_LOW);
  2900     05CC  3002               	movlw	2
  2901     05CD  00F3               	movwf	HAL_GPIO_WritePin@pin
  2902     05CE  01F4               	clrf	HAL_GPIO_WritePin@state
  2903     05CF  3003               	movlw	3
  2904     05D0  120A  118A  26A9  120A  118A  	fcall	_HAL_GPIO_WritePin
  2905                           
  2906                           ;sys/sys_config/sys_config.c: 15:     HAL_GPIO_WritePin(PORT_D, PIN_3, GPIO_LOW);
  2907     05D5  3003               	movlw	3
  2908     05D6  00F3               	movwf	HAL_GPIO_WritePin@pin
  2909     05D7  01F4               	clrf	HAL_GPIO_WritePin@state
  2910     05D8  3003               	movlw	3
  2911     05D9  120A  118A  26A9  120A  118A  	fcall	_HAL_GPIO_WritePin
  2912                           
  2913                           ;sys/sys_config/sys_config.c: 16:     HAL_GPIO_WritePin(PORT_D, PIN_7, GPIO_LOW);
  2914     05DE  3007               	movlw	7
  2915     05DF  00F3               	movwf	HAL_GPIO_WritePin@pin
  2916     05E0  01F4               	clrf	HAL_GPIO_WritePin@state
  2917     05E1  3003               	movlw	3
  2918     05E2  120A  118A  26A9  120A  118A  	fcall	_HAL_GPIO_WritePin
  2919                           
  2920                           ;sys/sys_config/sys_config.c: 19:     HAL_GPIO_SetDirection(PORT_D, PIN_4, GPIO_DIR_OUTP
      +                          UT);
  2921     05E7  3004               	movlw	4
  2922     05E8  00F3               	movwf	HAL_GPIO_SetDirection@pin
  2923     05E9  01F4               	clrf	HAL_GPIO_SetDirection@dir
  2924     05EA  3003               	movlw	3
  2925     05EB  120A  118A  2475  120A  118A  	fcall	_HAL_GPIO_SetDirection
  2926                           
  2927                           ;sys/sys_config/sys_config.c: 20:     HAL_GPIO_SetDirection(PORT_D, PIN_5, GPIO_DIR_OUTP
      +                          UT);
  2928     05F0  3005               	movlw	5
  2929     05F1  00F3               	movwf	HAL_GPIO_SetDirection@pin
  2930     05F2  01F4               	clrf	HAL_GPIO_SetDirection@dir
  2931     05F3  3003               	movlw	3
  2932     05F4  120A  118A  2475  120A  118A  	fcall	_HAL_GPIO_SetDirection
  2933                           
  2934                           ;sys/sys_config/sys_config.c: 21:     HAL_GPIO_SetDirection(PORT_D, PIN_6, GPIO_DIR_OUTP
      +                          UT);
  2935     05F9  3006               	movlw	6
  2936     05FA  00F3               	movwf	HAL_GPIO_SetDirection@pin
  2937     05FB  01F4               	clrf	HAL_GPIO_SetDirection@dir
  2938     05FC  3003               	movlw	3
  2939     05FD  120A  118A  2475  120A  118A  	fcall	_HAL_GPIO_SetDirection
  2940                           
  2941                           ;sys/sys_config/sys_config.c: 22:     HAL_GPIO_WritePin(PORT_D, PIN_4, GPIO_LOW);
  2942     0602  3004               	movlw	4
  2943     0603  00F3               	movwf	HAL_GPIO_WritePin@pin
  2944     0604  01F4               	clrf	HAL_GPIO_WritePin@state
  2945     0605  3003               	movlw	3
  2946     0606  120A  118A  26A9  120A  118A  	fcall	_HAL_GPIO_WritePin
  2947                           
  2948                           ;sys/sys_config/sys_config.c: 23:     HAL_GPIO_WritePin(PORT_D, PIN_5, GPIO_LOW);
  2949     060B  3005               	movlw	5
  2950     060C  00F3               	movwf	HAL_GPIO_WritePin@pin
  2951     060D  01F4               	clrf	HAL_GPIO_WritePin@state
  2952     060E  3003               	movlw	3
  2953     060F  120A  118A  26A9  120A  118A  	fcall	_HAL_GPIO_WritePin
  2954                           
  2955                           ;sys/sys_config/sys_config.c: 24:     HAL_GPIO_WritePin(PORT_D, PIN_6, GPIO_LOW);
  2956     0614  3006               	movlw	6
  2957     0615  00F3               	movwf	HAL_GPIO_WritePin@pin
  2958     0616  01F4               	clrf	HAL_GPIO_WritePin@state
  2959     0617  3003               	movlw	3
  2960     0618  120A  118A  26A9  120A  118A  	fcall	_HAL_GPIO_WritePin
  2961                           
  2962                           ;sys/sys_config/sys_config.c: 27:     HAL_GPIO_SetDirection(PORT_B, PIN_2, GPIO_DIR_INPU
      +                          T); HAL_GPIO_PullUpEnable(PIN_2);
  2963     061D  3002               	movlw	2
  2964     061E  00F3               	movwf	HAL_GPIO_SetDirection@pin
  2965     061F  01F4               	clrf	HAL_GPIO_SetDirection@dir
  2966     0620  0AF4               	incf	HAL_GPIO_SetDirection@dir,f
  2967     0621  3001               	movlw	1
  2968     0622  120A  118A  2475  120A  118A  	fcall	_HAL_GPIO_SetDirection
  2969     0627                     l1931:
  2970     0627  3002               	movlw	2
  2971     0628  120A  158A  24FF  120A  118A  	fcall	_HAL_GPIO_PullUpEnable
  2972     062D                     l1933:
  2973                           
  2974                           ;sys/sys_config/sys_config.c: 28:     HAL_GPIO_SetDirection(PORT_B, PIN_3, GPIO_DIR_INPU
      +                          T); HAL_GPIO_PullUpEnable(PIN_3);
  2975     062D  3003               	movlw	3
  2976     062E  00F3               	movwf	HAL_GPIO_SetDirection@pin
  2977     062F  01F4               	clrf	HAL_GPIO_SetDirection@dir
  2978     0630  0AF4               	incf	HAL_GPIO_SetDirection@dir,f
  2979     0631  3001               	movlw	1
  2980     0632  120A  118A  2475  120A  118A  	fcall	_HAL_GPIO_SetDirection
  2981     0637  3003               	movlw	3
  2982     0638  120A  158A  24FF  120A  118A  	fcall	_HAL_GPIO_PullUpEnable
  2983     063D                     l1935:
  2984                           
  2985                           ;sys/sys_config/sys_config.c: 29:     HAL_GPIO_SetDirection(PORT_B, PIN_4, GPIO_DIR_INPU
      +                          T); HAL_GPIO_PullUpEnable(PIN_4);
  2986     063D  3004               	movlw	4
  2987     063E  00F3               	movwf	HAL_GPIO_SetDirection@pin
  2988     063F  01F4               	clrf	HAL_GPIO_SetDirection@dir
  2989     0640  0AF4               	incf	HAL_GPIO_SetDirection@dir,f
  2990     0641  3001               	movlw	1
  2991     0642  120A  118A  2475  120A  118A  	fcall	_HAL_GPIO_SetDirection
  2992     0647                     l1937:
  2993     0647  3004               	movlw	4
  2994     0648  120A  158A  24FF  120A  118A  	fcall	_HAL_GPIO_PullUpEnable
  2995                           
  2996                           ;sys/sys_config/sys_config.c: 30:     HAL_GPIO_SetDirection(PORT_B, PIN_5, GPIO_DIR_INPU
      +                          T); HAL_GPIO_PullUpEnable(PIN_5);
  2997     064D  3005               	movlw	5
  2998     064E  00F3               	movwf	HAL_GPIO_SetDirection@pin
  2999     064F  01F4               	clrf	HAL_GPIO_SetDirection@dir
  3000     0650  0AF4               	incf	HAL_GPIO_SetDirection@dir,f
  3001     0651  3001               	movlw	1
  3002     0652  120A  118A  2475  120A  118A  	fcall	_HAL_GPIO_SetDirection
  3003     0657                     l1939:
  3004     0657  3005               	movlw	5
  3005     0658  120A  158A  24FF  120A  118A  	fcall	_HAL_GPIO_PullUpEnable
  3006     065D                     l1941:
  3007                           
  3008                           ;sys/sys_config/sys_config.c: 33:     HAL_GPIO_SetDirection(PORT_D, PIN_0, GPIO_DIR_OUTP
      +                          UT);
  3009     065D  01F3               	clrf	HAL_GPIO_SetDirection@pin
  3010     065E  01F4               	clrf	HAL_GPIO_SetDirection@dir
  3011     065F  3003               	movlw	3
  3012     0660  120A  118A  2475  120A  118A  	fcall	_HAL_GPIO_SetDirection
  3013     0665                     l1943:
  3014                           
  3015                           ;sys/sys_config/sys_config.c: 34:     HAL_GPIO_SetDirection(PORT_D, PIN_1, GPIO_DIR_OUTP
      +                          UT);
  3016     0665  01F3               	clrf	HAL_GPIO_SetDirection@pin
  3017     0666  0AF3               	incf	HAL_GPIO_SetDirection@pin,f
  3018     0667  01F4               	clrf	HAL_GPIO_SetDirection@dir
  3019     0668  3003               	movlw	3
  3020     0669  120A  118A  2475  120A  118A  	fcall	_HAL_GPIO_SetDirection
  3021     066E                     l1945:
  3022                           
  3023                           ;sys/sys_config/sys_config.c: 35:     HAL_GPIO_SetDirection(PORT_C, PIN_1, GPIO_DIR_OUTP
      +                          UT);
  3024     066E  01F3               	clrf	HAL_GPIO_SetDirection@pin
  3025     066F  0AF3               	incf	HAL_GPIO_SetDirection@pin,f
  3026     0670  01F4               	clrf	HAL_GPIO_SetDirection@dir
  3027     0671  3002               	movlw	2
  3028     0672  120A  118A  2475  120A  118A  	fcall	_HAL_GPIO_SetDirection
  3029     0677                     l1947:
  3030                           
  3031                           ;sys/sys_config/sys_config.c: 37:     HAL_GPIO_WritePin(PORT_D, PIN_0, GPIO_LOW);
  3032     0677  01F3               	clrf	HAL_GPIO_WritePin@pin
  3033     0678  01F4               	clrf	HAL_GPIO_WritePin@state
  3034     0679  3003               	movlw	3
  3035     067A  120A  118A  26A9  120A  118A  	fcall	_HAL_GPIO_WritePin
  3036     067F                     l1949:
  3037                           
  3038                           ;sys/sys_config/sys_config.c: 38:     HAL_GPIO_WritePin(PORT_D, PIN_1, GPIO_LOW);
  3039     067F  01F3               	clrf	HAL_GPIO_WritePin@pin
  3040     0680  0AF3               	incf	HAL_GPIO_WritePin@pin,f
  3041     0681  01F4               	clrf	HAL_GPIO_WritePin@state
  3042     0682  3003               	movlw	3
  3043     0683  120A  118A  26A9  120A  118A  	fcall	_HAL_GPIO_WritePin
  3044     0688                     l1951:
  3045                           
  3046                           ;sys/sys_config/sys_config.c: 39:     HAL_GPIO_WritePin(PORT_C, PIN_1, GPIO_LOW);
  3047     0688  01F3               	clrf	HAL_GPIO_WritePin@pin
  3048     0689  0AF3               	incf	HAL_GPIO_WritePin@pin,f
  3049     068A  01F4               	clrf	HAL_GPIO_WritePin@state
  3050     068B  3002               	movlw	2
  3051     068C  120A  118A  26A9  120A  118A  	fcall	_HAL_GPIO_WritePin
  3052     0691                     l1953:
  3053                           
  3054                           ;sys/sys_config/sys_config.c: 42:     HAL_GPIO_SetDirection(PORT_B, PIN_0, GPIO_DIR_INPU
      +                          T);
  3055     0691  01F3               	clrf	HAL_GPIO_SetDirection@pin
  3056     0692  01F4               	clrf	HAL_GPIO_SetDirection@dir
  3057     0693  0AF4               	incf	HAL_GPIO_SetDirection@dir,f
  3058     0694  3001               	movlw	1
  3059     0695  120A  118A  2475  120A  118A  	fcall	_HAL_GPIO_SetDirection
  3060     069A                     l1955:
  3061                           
  3062                           ;sys/sys_config/sys_config.c: 43:     HAL_GPIO_SetDirection(PORT_B, PIN_1, GPIO_DIR_INPU
      +                          T);
  3063     069A  01F3               	clrf	HAL_GPIO_SetDirection@pin
  3064     069B  0AF3               	incf	HAL_GPIO_SetDirection@pin,f
  3065     069C  01F4               	clrf	HAL_GPIO_SetDirection@dir
  3066     069D  0AF4               	incf	HAL_GPIO_SetDirection@dir,f
  3067     069E  3001               	movlw	1
  3068     069F  120A  118A  2475  120A  118A  	fcall	_HAL_GPIO_SetDirection
  3069     06A4                     l1957:
  3070                           
  3071                           ;sys/sys_config/sys_config.c: 46:     ANSELHbits.ANS12 = 0;
  3072     06A4  1683               	bsf	3,5	;RP0=1, select bank3
  3073     06A5  1703               	bsf	3,6	;RP1=1, select bank3
  3074     06A6  1209               	bcf	9,4	;volatile
  3075     06A7                     l1959:
  3076                           
  3077                           ;sys/sys_config/sys_config.c: 47:     ANSELHbits.ANS10 = 0;
  3078     06A7  1109               	bcf	9,2	;volatile
  3079     06A8                     l140:
  3080     06A8  0008               	return
  3081     06A9                     __end_of_sys_config:
  3082                           
  3083                           	psect	text2
  3084     06A9                     __ptext2:	
  3085 ;; *************** function _HAL_GPIO_WritePin *****************
  3086 ;; Defined at:
  3087 ;;		line 51 in file "hal/hal_gpio/hal_gpio.c"
  3088 ;; Parameters:    Size  Location     Type
  3089 ;;  port            1    wreg     enum E2
  3090 ;;  pin             1    3[COMMON] enum E9
  3091 ;;  state           1    4[COMMON] enum E23
  3092 ;; Auto vars:     Size  Location     Type
  3093 ;;  port            1    7[COMMON] enum E2
  3094 ;; Return value:  Size  Location     Type
  3095 ;;                  1    wreg      void 
  3096 ;; Registers used:
  3097 ;;		wreg, fsr0l, fsr0h, status,2, status,0
  3098 ;; Tracked objects:
  3099 ;;		On entry : 0/0
  3100 ;;		On exit  : 0/0
  3101 ;;		Unchanged: 0/0
  3102 ;; Data sizes:     COMMON   BANK0   BANK1   BANK3   BANK2
  3103 ;;      Params:         2       0       0       0       0
  3104 ;;      Locals:         1       0       0       0       0
  3105 ;;      Temps:          2       0       0       0       0
  3106 ;;      Totals:         5       0       0       0       0
  3107 ;;Total ram usage:        5 bytes
  3108 ;; Hardware stack levels used: 1
  3109 ;; Hardware stack levels required when called: 2
  3110 ;; This function calls:
  3111 ;;		Nothing
  3112 ;; This function is called by:
  3113 ;;		_sys_config
  3114 ;;		_main
  3115 ;; This function uses a non-reentrant model
  3116 ;;
  3117                           
  3118     06A9                     _HAL_GPIO_WritePin:	
  3119                           ;psect for function _HAL_GPIO_WritePin
  3120                           
  3121                           
  3122                           ;incstack = 0
  3123                           ; Regs used in _HAL_GPIO_WritePin: [wreg-fsr0h+status,2+status,0]
  3124                           ;HAL_GPIO_WritePin@port stored from wreg
  3125     06A9  00F7               	movwf	HAL_GPIO_WritePin@port
  3126     06AA                     l1755:
  3127                           
  3128                           ;hal/hal_gpio/hal_gpio.c: 52:     switch (port) {
  3129     06AA  2F55               	goto	l1789
  3130     06AB                     l1757:
  3131                           
  3132                           ;hal/hal_gpio/hal_gpio.c: 54:             if (state == GPIO_HIGH) PORTA |= (1 << pin);
  3133     06AB  0374               	decf	HAL_GPIO_WritePin@state,w
  3134     06AC  1D03               	btfss	3,2
  3135     06AD  2EAF               	goto	u2091
  3136     06AE  2EB0               	goto	u2090
  3137     06AF                     u2091:
  3138     06AF  2EBE               	goto	l1761
  3139     06B0                     u2090:
  3140     06B0                     l1759:
  3141     06B0  3001               	movlw	1
  3142     06B1  00F5               	movwf	??_HAL_GPIO_WritePin
  3143     06B2  0A73               	incf	HAL_GPIO_WritePin@pin,w
  3144     06B3  2EB6               	goto	u2104
  3145     06B4                     u2105:
  3146     06B4  1003               	clrc
  3147     06B5  0DF5               	rlf	??_HAL_GPIO_WritePin,f
  3148     06B6                     u2104:
  3149     06B6  3EFF               	addlw	-1
  3150     06B7  1D03               	skipz
  3151     06B8  2EB4               	goto	u2105
  3152     06B9  0875               	movf	??_HAL_GPIO_WritePin,w
  3153     06BA  1283               	bcf	3,5	;RP0=0, select bank0
  3154     06BB  1303               	bcf	3,6	;RP1=0, select bank0
  3155     06BC  0485               	iorwf	5,f	;volatile
  3156     06BD  2F6E               	goto	l88
  3157     06BE                     l1761:
  3158     06BE  3001               	movlw	1
  3159     06BF  00F5               	movwf	??_HAL_GPIO_WritePin
  3160     06C0  0A73               	incf	HAL_GPIO_WritePin@pin,w
  3161     06C1  2EC4               	goto	u2114
  3162     06C2                     u2115:
  3163     06C2  1003               	clrc
  3164     06C3  0DF5               	rlf	??_HAL_GPIO_WritePin,f
  3165     06C4                     u2114:
  3166     06C4  3EFF               	addlw	-1
  3167     06C5  1D03               	skipz
  3168     06C6  2EC2               	goto	u2115
  3169     06C7  0875               	movf	??_HAL_GPIO_WritePin,w
  3170     06C8  3AFF               	xorlw	255
  3171     06C9  1283               	bcf	3,5	;RP0=0, select bank0
  3172     06CA  1303               	bcf	3,6	;RP1=0, select bank0
  3173     06CB  0585               	andwf	5,f	;volatile
  3174     06CC  2F6E               	goto	l88
  3175     06CD                     l1763:
  3176                           
  3177                           ;hal/hal_gpio/hal_gpio.c: 58:             if (state == GPIO_HIGH) PORTB |= (1 << pin);
  3178     06CD  0374               	decf	HAL_GPIO_WritePin@state,w
  3179     06CE  1D03               	btfss	3,2
  3180     06CF  2ED1               	goto	u2121
  3181     06D0  2ED2               	goto	u2120
  3182     06D1                     u2121:
  3183     06D1  2EE0               	goto	l1767
  3184     06D2                     u2120:
  3185     06D2                     l1765:
  3186     06D2  3001               	movlw	1
  3187     06D3  00F5               	movwf	??_HAL_GPIO_WritePin
  3188     06D4  0A73               	incf	HAL_GPIO_WritePin@pin,w
  3189     06D5  2ED8               	goto	u2134
  3190     06D6                     u2135:
  3191     06D6  1003               	clrc
  3192     06D7  0DF5               	rlf	??_HAL_GPIO_WritePin,f
  3193     06D8                     u2134:
  3194     06D8  3EFF               	addlw	-1
  3195     06D9  1D03               	skipz
  3196     06DA  2ED6               	goto	u2135
  3197     06DB  0875               	movf	??_HAL_GPIO_WritePin,w
  3198     06DC  1283               	bcf	3,5	;RP0=0, select bank0
  3199     06DD  1303               	bcf	3,6	;RP1=0, select bank0
  3200     06DE  0486               	iorwf	6,f	;volatile
  3201     06DF  2F6E               	goto	l88
  3202     06E0                     l1767:
  3203     06E0  3001               	movlw	1
  3204     06E1  00F5               	movwf	??_HAL_GPIO_WritePin
  3205     06E2  0A73               	incf	HAL_GPIO_WritePin@pin,w
  3206     06E3  2EE6               	goto	u2144
  3207     06E4                     u2145:
  3208     06E4  1003               	clrc
  3209     06E5  0DF5               	rlf	??_HAL_GPIO_WritePin,f
  3210     06E6                     u2144:
  3211     06E6  3EFF               	addlw	-1
  3212     06E7  1D03               	skipz
  3213     06E8  2EE4               	goto	u2145
  3214     06E9  0875               	movf	??_HAL_GPIO_WritePin,w
  3215     06EA  3AFF               	xorlw	255
  3216     06EB  1283               	bcf	3,5	;RP0=0, select bank0
  3217     06EC  1303               	bcf	3,6	;RP1=0, select bank0
  3218     06ED  0586               	andwf	6,f	;volatile
  3219     06EE  2F6E               	goto	l88
  3220     06EF                     l1769:
  3221                           
  3222                           ;hal/hal_gpio/hal_gpio.c: 62:             if (state == GPIO_HIGH) PORTC |= (1 << pin);
  3223     06EF  0374               	decf	HAL_GPIO_WritePin@state,w
  3224     06F0  1D03               	btfss	3,2
  3225     06F1  2EF3               	goto	u2151
  3226     06F2  2EF4               	goto	u2150
  3227     06F3                     u2151:
  3228     06F3  2F02               	goto	l1773
  3229     06F4                     u2150:
  3230     06F4                     l1771:
  3231     06F4  3001               	movlw	1
  3232     06F5  00F5               	movwf	??_HAL_GPIO_WritePin
  3233     06F6  0A73               	incf	HAL_GPIO_WritePin@pin,w
  3234     06F7  2EFA               	goto	u2164
  3235     06F8                     u2165:
  3236     06F8  1003               	clrc
  3237     06F9  0DF5               	rlf	??_HAL_GPIO_WritePin,f
  3238     06FA                     u2164:
  3239     06FA  3EFF               	addlw	-1
  3240     06FB  1D03               	skipz
  3241     06FC  2EF8               	goto	u2165
  3242     06FD  0875               	movf	??_HAL_GPIO_WritePin,w
  3243     06FE  1283               	bcf	3,5	;RP0=0, select bank0
  3244     06FF  1303               	bcf	3,6	;RP1=0, select bank0
  3245     0700  0487               	iorwf	7,f	;volatile
  3246     0701  2F6E               	goto	l88
  3247     0702                     l1773:
  3248     0702  3001               	movlw	1
  3249     0703  00F5               	movwf	??_HAL_GPIO_WritePin
  3250     0704  0A73               	incf	HAL_GPIO_WritePin@pin,w
  3251     0705  2F08               	goto	u2174
  3252     0706                     u2175:
  3253     0706  1003               	clrc
  3254     0707  0DF5               	rlf	??_HAL_GPIO_WritePin,f
  3255     0708                     u2174:
  3256     0708  3EFF               	addlw	-1
  3257     0709  1D03               	skipz
  3258     070A  2F06               	goto	u2175
  3259     070B  0875               	movf	??_HAL_GPIO_WritePin,w
  3260     070C  3AFF               	xorlw	255
  3261     070D  1283               	bcf	3,5	;RP0=0, select bank0
  3262     070E  1303               	bcf	3,6	;RP1=0, select bank0
  3263     070F  0587               	andwf	7,f	;volatile
  3264     0710  2F6E               	goto	l88
  3265     0711                     l1775:
  3266                           
  3267                           ;hal/hal_gpio/hal_gpio.c: 66:             if (state == GPIO_HIGH) PORTD |= (1 << pin);
  3268     0711  0374               	decf	HAL_GPIO_WritePin@state,w
  3269     0712  1D03               	btfss	3,2
  3270     0713  2F15               	goto	u2181
  3271     0714  2F16               	goto	u2180
  3272     0715                     u2181:
  3273     0715  2F24               	goto	l1779
  3274     0716                     u2180:
  3275     0716                     l1777:
  3276     0716  3001               	movlw	1
  3277     0717  00F5               	movwf	??_HAL_GPIO_WritePin
  3278     0718  0A73               	incf	HAL_GPIO_WritePin@pin,w
  3279     0719  2F1C               	goto	u2194
  3280     071A                     u2195:
  3281     071A  1003               	clrc
  3282     071B  0DF5               	rlf	??_HAL_GPIO_WritePin,f
  3283     071C                     u2194:
  3284     071C  3EFF               	addlw	-1
  3285     071D  1D03               	skipz
  3286     071E  2F1A               	goto	u2195
  3287     071F  0875               	movf	??_HAL_GPIO_WritePin,w
  3288     0720  1283               	bcf	3,5	;RP0=0, select bank0
  3289     0721  1303               	bcf	3,6	;RP1=0, select bank0
  3290     0722  0488               	iorwf	8,f	;volatile
  3291     0723  2F6E               	goto	l88
  3292     0724                     l1779:
  3293     0724  3001               	movlw	1
  3294     0725  00F5               	movwf	??_HAL_GPIO_WritePin
  3295     0726  0A73               	incf	HAL_GPIO_WritePin@pin,w
  3296     0727  2F2A               	goto	u2204
  3297     0728                     u2205:
  3298     0728  1003               	clrc
  3299     0729  0DF5               	rlf	??_HAL_GPIO_WritePin,f
  3300     072A                     u2204:
  3301     072A  3EFF               	addlw	-1
  3302     072B  1D03               	skipz
  3303     072C  2F28               	goto	u2205
  3304     072D  0875               	movf	??_HAL_GPIO_WritePin,w
  3305     072E  3AFF               	xorlw	255
  3306     072F  1283               	bcf	3,5	;RP0=0, select bank0
  3307     0730  1303               	bcf	3,6	;RP1=0, select bank0
  3308     0731  0588               	andwf	8,f	;volatile
  3309     0732  2F6E               	goto	l88
  3310     0733                     l1781:
  3311                           
  3312                           ;hal/hal_gpio/hal_gpio.c: 70:             if (state == GPIO_HIGH) PORTE |= (1 << pin);
  3313     0733  0374               	decf	HAL_GPIO_WritePin@state,w
  3314     0734  1D03               	btfss	3,2
  3315     0735  2F37               	goto	u2211
  3316     0736  2F38               	goto	u2210
  3317     0737                     u2211:
  3318     0737  2F46               	goto	l1785
  3319     0738                     u2210:
  3320     0738                     l1783:
  3321     0738  3001               	movlw	1
  3322     0739  00F5               	movwf	??_HAL_GPIO_WritePin
  3323     073A  0A73               	incf	HAL_GPIO_WritePin@pin,w
  3324     073B  2F3E               	goto	u2224
  3325     073C                     u2225:
  3326     073C  1003               	clrc
  3327     073D  0DF5               	rlf	??_HAL_GPIO_WritePin,f
  3328     073E                     u2224:
  3329     073E  3EFF               	addlw	-1
  3330     073F  1D03               	skipz
  3331     0740  2F3C               	goto	u2225
  3332     0741  0875               	movf	??_HAL_GPIO_WritePin,w
  3333     0742  1283               	bcf	3,5	;RP0=0, select bank0
  3334     0743  1303               	bcf	3,6	;RP1=0, select bank0
  3335     0744  0489               	iorwf	9,f	;volatile
  3336     0745  2F6E               	goto	l88
  3337     0746                     l1785:
  3338     0746  3001               	movlw	1
  3339     0747  00F5               	movwf	??_HAL_GPIO_WritePin
  3340     0748  0A73               	incf	HAL_GPIO_WritePin@pin,w
  3341     0749  2F4C               	goto	u2234
  3342     074A                     u2235:
  3343     074A  1003               	clrc
  3344     074B  0DF5               	rlf	??_HAL_GPIO_WritePin,f
  3345     074C                     u2234:
  3346     074C  3EFF               	addlw	-1
  3347     074D  1D03               	skipz
  3348     074E  2F4A               	goto	u2235
  3349     074F  0875               	movf	??_HAL_GPIO_WritePin,w
  3350     0750  3AFF               	xorlw	255
  3351     0751  1283               	bcf	3,5	;RP0=0, select bank0
  3352     0752  1303               	bcf	3,6	;RP1=0, select bank0
  3353     0753  0589               	andwf	9,f	;volatile
  3354     0754  2F6E               	goto	l88
  3355     0755                     l1789:
  3356     0755  0877               	movf	HAL_GPIO_WritePin@port,w
  3357     0756  00F5               	movwf	??_HAL_GPIO_WritePin
  3358     0757  01F6               	clrf	??_HAL_GPIO_WritePin+1
  3359                           
  3360                           ; Switch on 2 bytes has been partitioned into a top level switch of size 1, and 1 sub-sw
      +                          itches
  3361                           ; Switch size 1, requested type "simple"
  3362                           ; Number of cases is 1, Range of values is 0 to 0
  3363                           ; switch strategies available:
  3364                           ; Name         Instructions Cycles
  3365                           ; simple_byte            4     3 (average)
  3366                           ; direct_byte           11     8 (fixed)
  3367                           ; jumptable            260     6 (fixed)
  3368                           ;	Chosen strategy is simple_byte
  3369     0758  0876               	movf	??_HAL_GPIO_WritePin+1,w
  3370     0759  3A00               	xorlw	0	; case 0
  3371     075A  1903               	skipnz
  3372     075B  2F5D               	goto	l2851
  3373     075C  2F6E               	goto	l88
  3374     075D                     l2851:
  3375                           
  3376                           ; Switch size 1, requested type "simple"
  3377                           ; Number of cases is 5, Range of values is 0 to 4
  3378                           ; switch strategies available:
  3379                           ; Name         Instructions Cycles
  3380                           ; simple_byte           16     9 (average)
  3381                           ; direct_byte           23     8 (fixed)
  3382                           ; jumptable            260     6 (fixed)
  3383                           ;	Chosen strategy is simple_byte
  3384     075D  0875               	movf	??_HAL_GPIO_WritePin,w
  3385     075E  3A00               	xorlw	0	; case 0
  3386     075F  1903               	skipnz
  3387     0760  2EAB               	goto	l1757
  3388     0761  3A01               	xorlw	1	; case 1
  3389     0762  1903               	skipnz
  3390     0763  2ECD               	goto	l1763
  3391     0764  3A03               	xorlw	3	; case 2
  3392     0765  1903               	skipnz
  3393     0766  2EEF               	goto	l1769
  3394     0767  3A01               	xorlw	1	; case 3
  3395     0768  1903               	skipnz
  3396     0769  2F11               	goto	l1775
  3397     076A  3A07               	xorlw	7	; case 4
  3398     076B  1903               	skipnz
  3399     076C  2F33               	goto	l1781
  3400     076D  2F6E               	goto	l88
  3401     076E                     l88:
  3402     076E  0008               	return
  3403     076F                     __end_of_HAL_GPIO_WritePin:
  3404                           
  3405                           	psect	text3
  3406     0475                     __ptext3:	
  3407 ;; *************** function _HAL_GPIO_SetDirection *****************
  3408 ;; Defined at:
  3409 ;;		line 4 in file "hal/hal_gpio/hal_gpio.c"
  3410 ;; Parameters:    Size  Location     Type
  3411 ;;  port            1    wreg     enum E2
  3412 ;;  pin             1    3[COMMON] enum E9
  3413 ;;  dir             1    4[COMMON] enum E19
  3414 ;; Auto vars:     Size  Location     Type
  3415 ;;  port            1    7[COMMON] enum E2
  3416 ;; Return value:  Size  Location     Type
  3417 ;;                  1    wreg      void 
  3418 ;; Registers used:
  3419 ;;		wreg, fsr0l, fsr0h, status,2, status,0
  3420 ;; Tracked objects:
  3421 ;;		On entry : 0/0
  3422 ;;		On exit  : 0/0
  3423 ;;		Unchanged: 0/0
  3424 ;; Data sizes:     COMMON   BANK0   BANK1   BANK3   BANK2
  3425 ;;      Params:         2       0       0       0       0
  3426 ;;      Locals:         1       0       0       0       0
  3427 ;;      Temps:          2       0       0       0       0
  3428 ;;      Totals:         5       0       0       0       0
  3429 ;;Total ram usage:        5 bytes
  3430 ;; Hardware stack levels used: 1
  3431 ;; Hardware stack levels required when called: 2
  3432 ;; This function calls:
  3433 ;;		Nothing
  3434 ;; This function is called by:
  3435 ;;		_sys_config
  3436 ;; This function uses a non-reentrant model
  3437 ;;
  3438                           
  3439     0475                     _HAL_GPIO_SetDirection:	
  3440                           ;psect for function _HAL_GPIO_SetDirection
  3441                           
  3442                           
  3443                           ;incstack = 0
  3444                           ; Regs used in _HAL_GPIO_SetDirection: [wreg-fsr0h+status,2+status,0]
  3445                           ;HAL_GPIO_SetDirection@port stored from wreg
  3446     0475  00F7               	movwf	HAL_GPIO_SetDirection@port
  3447     0476                     l1681:
  3448                           
  3449                           ;hal/hal_gpio/hal_gpio.c: 5:     switch (port) {
  3450     0476  2D95               	goto	l1745
  3451     0477                     l1683:
  3452                           
  3453                           ;hal/hal_gpio/hal_gpio.c: 7:             if (pin >= 0 && pin <= 3) { ANSEL &= ~(1 << pin
      +                          ); }
  3454     0477  3004               	movlw	4
  3455     0478  0273               	subwf	HAL_GPIO_SetDirection@pin,w
  3456     0479  1803               	skipnc
  3457     047A  2C7C               	goto	u1821
  3458     047B  2C7D               	goto	u1820
  3459     047C                     u1821:
  3460     047C  2C8C               	goto	l1687
  3461     047D                     u1820:
  3462     047D                     l1685:
  3463     047D  3001               	movlw	1
  3464     047E  00F5               	movwf	??_HAL_GPIO_SetDirection
  3465     047F  0A73               	incf	HAL_GPIO_SetDirection@pin,w
  3466     0480  2C83               	goto	u1834
  3467     0481                     u1835:
  3468     0481  1003               	clrc
  3469     0482  0DF5               	rlf	??_HAL_GPIO_SetDirection,f
  3470     0483                     u1834:
  3471     0483  3EFF               	addlw	-1
  3472     0484  1D03               	skipz
  3473     0485  2C81               	goto	u1835
  3474     0486  0875               	movf	??_HAL_GPIO_SetDirection,w
  3475     0487  3AFF               	xorlw	255
  3476     0488  1683               	bsf	3,5	;RP0=1, select bank3
  3477     0489  1703               	bsf	3,6	;RP1=1, select bank3
  3478     048A  0588               	andwf	8,f	;volatile
  3479     048B  2C96               	goto	l34
  3480     048C                     l1687:
  3481     048C  3005               	movlw	5
  3482     048D  0673               	xorwf	HAL_GPIO_SetDirection@pin,w
  3483     048E  1D03               	btfss	3,2
  3484     048F  2C91               	goto	u1841
  3485     0490  2C92               	goto	u1840
  3486     0491                     u1841:
  3487     0491  2C96               	goto	l34
  3488     0492                     u1840:
  3489     0492                     l1689:
  3490     0492  30EF               	movlw	239
  3491     0493  1683               	bsf	3,5	;RP0=1, select bank3
  3492     0494  1703               	bsf	3,6	;RP1=1, select bank3
  3493     0495  0588               	andwf	8,f	;volatile
  3494     0496                     l34:
  3495                           
  3496                           ;hal/hal_gpio/hal_gpio.c: 9:             if (dir == GPIO_DIR_INPUT) { TRISA |= (1 << pin
      +                          ); }
  3497     0496  0374               	decf	HAL_GPIO_SetDirection@dir,w
  3498     0497  1D03               	btfss	3,2
  3499     0498  2C9A               	goto	u1851
  3500     0499  2C9B               	goto	u1850
  3501     049A                     u1851:
  3502     049A  2CA9               	goto	l1693
  3503     049B                     u1850:
  3504     049B                     l1691:
  3505     049B  3001               	movlw	1
  3506     049C  00F5               	movwf	??_HAL_GPIO_SetDirection
  3507     049D  0A73               	incf	HAL_GPIO_SetDirection@pin,w
  3508     049E  2CA1               	goto	u1864
  3509     049F                     u1865:
  3510     049F  1003               	clrc
  3511     04A0  0DF5               	rlf	??_HAL_GPIO_SetDirection,f
  3512     04A1                     u1864:
  3513     04A1  3EFF               	addlw	-1
  3514     04A2  1D03               	skipz
  3515     04A3  2C9F               	goto	u1865
  3516     04A4  0875               	movf	??_HAL_GPIO_SetDirection,w
  3517     04A5  1683               	bsf	3,5	;RP0=1, select bank1
  3518     04A6  1303               	bcf	3,6	;RP1=0, select bank1
  3519     04A7  0485               	iorwf	5,f	;volatile
  3520     04A8  2DAE               	goto	l64
  3521     04A9                     l1693:
  3522     04A9  3001               	movlw	1
  3523     04AA  00F5               	movwf	??_HAL_GPIO_SetDirection
  3524     04AB  0A73               	incf	HAL_GPIO_SetDirection@pin,w
  3525     04AC  2CAF               	goto	u1874
  3526     04AD                     u1875:
  3527     04AD  1003               	clrc
  3528     04AE  0DF5               	rlf	??_HAL_GPIO_SetDirection,f
  3529     04AF                     u1874:
  3530     04AF  3EFF               	addlw	-1
  3531     04B0  1D03               	skipz
  3532     04B1  2CAD               	goto	u1875
  3533     04B2  0875               	movf	??_HAL_GPIO_SetDirection,w
  3534     04B3  3AFF               	xorlw	255
  3535     04B4  1683               	bsf	3,5	;RP0=1, select bank1
  3536     04B5  1303               	bcf	3,6	;RP1=0, select bank1
  3537     04B6  0585               	andwf	5,f	;volatile
  3538     04B7  2DAE               	goto	l64
  3539     04B8                     l1695:
  3540                           
  3541                           ;hal/hal_gpio/hal_gpio.c: 14:             if (pin == 0) ANSELH &= ~(1 << 4);
  3542     04B8  0873               	movf	HAL_GPIO_SetDirection@pin,w
  3543     04B9  1D03               	btfss	3,2
  3544     04BA  2CBC               	goto	u1881
  3545     04BB  2CBD               	goto	u1880
  3546     04BC                     u1881:
  3547     04BC  2CC2               	goto	l1699
  3548     04BD                     u1880:
  3549     04BD                     l1697:
  3550     04BD  30EF               	movlw	239
  3551     04BE  1683               	bsf	3,5	;RP0=1, select bank3
  3552     04BF  1703               	bsf	3,6	;RP1=1, select bank3
  3553     04C0  0589               	andwf	9,f	;volatile
  3554     04C1  2CF7               	goto	l41
  3555     04C2                     l1699:
  3556     04C2  0373               	decf	HAL_GPIO_SetDirection@pin,w
  3557     04C3  1D03               	btfss	3,2
  3558     04C4  2CC6               	goto	u1891
  3559     04C5  2CC7               	goto	u1890
  3560     04C6                     u1891:
  3561     04C6  2CCC               	goto	l1703
  3562     04C7                     u1890:
  3563     04C7                     l1701:
  3564     04C7  30FB               	movlw	251
  3565     04C8  1683               	bsf	3,5	;RP0=1, select bank3
  3566     04C9  1703               	bsf	3,6	;RP1=1, select bank3
  3567     04CA  0589               	andwf	9,f	;volatile
  3568     04CB  2CF7               	goto	l41
  3569     04CC                     l1703:
  3570     04CC  3002               	movlw	2
  3571     04CD  0673               	xorwf	HAL_GPIO_SetDirection@pin,w
  3572     04CE  1D03               	btfss	3,2
  3573     04CF  2CD1               	goto	u1901
  3574     04D0  2CD2               	goto	u1900
  3575     04D1                     u1901:
  3576     04D1  2CD7               	goto	l1707
  3577     04D2                     u1900:
  3578     04D2                     l1705:
  3579     04D2  30FE               	movlw	254
  3580     04D3  1683               	bsf	3,5	;RP0=1, select bank3
  3581     04D4  1703               	bsf	3,6	;RP1=1, select bank3
  3582     04D5  0589               	andwf	9,f	;volatile
  3583     04D6  2CF7               	goto	l41
  3584     04D7                     l1707:
  3585     04D7  3003               	movlw	3
  3586     04D8  0673               	xorwf	HAL_GPIO_SetDirection@pin,w
  3587     04D9  1D03               	btfss	3,2
  3588     04DA  2CDC               	goto	u1911
  3589     04DB  2CDD               	goto	u1910
  3590     04DC                     u1911:
  3591     04DC  2CE2               	goto	l1711
  3592     04DD                     u1910:
  3593     04DD                     l1709:
  3594     04DD  30FD               	movlw	253
  3595     04DE  1683               	bsf	3,5	;RP0=1, select bank3
  3596     04DF  1703               	bsf	3,6	;RP1=1, select bank3
  3597     04E0  0589               	andwf	9,f	;volatile
  3598     04E1  2CF7               	goto	l41
  3599     04E2                     l1711:
  3600     04E2  3004               	movlw	4
  3601     04E3  0673               	xorwf	HAL_GPIO_SetDirection@pin,w
  3602     04E4  1D03               	btfss	3,2
  3603     04E5  2CE7               	goto	u1921
  3604     04E6  2CE8               	goto	u1920
  3605     04E7                     u1921:
  3606     04E7  2CED               	goto	l1715
  3607     04E8                     u1920:
  3608     04E8                     l1713:
  3609     04E8  30F7               	movlw	247
  3610     04E9  1683               	bsf	3,5	;RP0=1, select bank3
  3611     04EA  1703               	bsf	3,6	;RP1=1, select bank3
  3612     04EB  0589               	andwf	9,f	;volatile
  3613     04EC  2CF7               	goto	l41
  3614     04ED                     l1715:
  3615     04ED  3005               	movlw	5
  3616     04EE  0673               	xorwf	HAL_GPIO_SetDirection@pin,w
  3617     04EF  1D03               	btfss	3,2
  3618     04F0  2CF2               	goto	u1931
  3619     04F1  2CF3               	goto	u1930
  3620     04F2                     u1931:
  3621     04F2  2CF7               	goto	l41
  3622     04F3                     u1930:
  3623     04F3                     l1717:
  3624     04F3  30DF               	movlw	223
  3625     04F4  1683               	bsf	3,5	;RP0=1, select bank3
  3626     04F5  1703               	bsf	3,6	;RP1=1, select bank3
  3627     04F6  0589               	andwf	9,f	;volatile
  3628     04F7                     l41:
  3629                           
  3630                           ;hal/hal_gpio/hal_gpio.c: 21:             if (dir == GPIO_DIR_INPUT) { TRISB |= (1 << pi
      +                          n); }
  3631     04F7  0374               	decf	HAL_GPIO_SetDirection@dir,w
  3632     04F8  1D03               	btfss	3,2
  3633     04F9  2CFB               	goto	u1941
  3634     04FA  2CFC               	goto	u1940
  3635     04FB                     u1941:
  3636     04FB  2D0A               	goto	l1721
  3637     04FC                     u1940:
  3638     04FC                     l1719:
  3639     04FC  3001               	movlw	1
  3640     04FD  00F5               	movwf	??_HAL_GPIO_SetDirection
  3641     04FE  0A73               	incf	HAL_GPIO_SetDirection@pin,w
  3642     04FF  2D02               	goto	u1954
  3643     0500                     u1955:
  3644     0500  1003               	clrc
  3645     0501  0DF5               	rlf	??_HAL_GPIO_SetDirection,f
  3646     0502                     u1954:
  3647     0502  3EFF               	addlw	-1
  3648     0503  1D03               	skipz
  3649     0504  2D00               	goto	u1955
  3650     0505  0875               	movf	??_HAL_GPIO_SetDirection,w
  3651     0506  1683               	bsf	3,5	;RP0=1, select bank1
  3652     0507  1303               	bcf	3,6	;RP1=0, select bank1
  3653     0508  0486               	iorwf	6,f	;volatile
  3654     0509  2DAE               	goto	l64
  3655     050A                     l1721:
  3656     050A  3001               	movlw	1
  3657     050B  00F5               	movwf	??_HAL_GPIO_SetDirection
  3658     050C  0A73               	incf	HAL_GPIO_SetDirection@pin,w
  3659     050D  2D10               	goto	u1964
  3660     050E                     u1965:
  3661     050E  1003               	clrc
  3662     050F  0DF5               	rlf	??_HAL_GPIO_SetDirection,f
  3663     0510                     u1964:
  3664     0510  3EFF               	addlw	-1
  3665     0511  1D03               	skipz
  3666     0512  2D0E               	goto	u1965
  3667     0513  0875               	movf	??_HAL_GPIO_SetDirection,w
  3668     0514  3AFF               	xorlw	255
  3669     0515  1683               	bsf	3,5	;RP0=1, select bank1
  3670     0516  1303               	bcf	3,6	;RP1=0, select bank1
  3671     0517  0586               	andwf	6,f	;volatile
  3672     0518  2DAE               	goto	l64
  3673     0519                     l1723:
  3674                           
  3675                           ;hal/hal_gpio/hal_gpio.c: 26:             if (dir == GPIO_DIR_INPUT) { TRISC |= (1 << pi
      +                          n); }
  3676     0519  0374               	decf	HAL_GPIO_SetDirection@dir,w
  3677     051A  1D03               	btfss	3,2
  3678     051B  2D1D               	goto	u1971
  3679     051C  2D1E               	goto	u1970
  3680     051D                     u1971:
  3681     051D  2D2C               	goto	l1727
  3682     051E                     u1970:
  3683     051E                     l1725:
  3684     051E  3001               	movlw	1
  3685     051F  00F5               	movwf	??_HAL_GPIO_SetDirection
  3686     0520  0A73               	incf	HAL_GPIO_SetDirection@pin,w
  3687     0521  2D24               	goto	u1984
  3688     0522                     u1985:
  3689     0522  1003               	clrc
  3690     0523  0DF5               	rlf	??_HAL_GPIO_SetDirection,f
  3691     0524                     u1984:
  3692     0524  3EFF               	addlw	-1
  3693     0525  1D03               	skipz
  3694     0526  2D22               	goto	u1985
  3695     0527  0875               	movf	??_HAL_GPIO_SetDirection,w
  3696     0528  1683               	bsf	3,5	;RP0=1, select bank1
  3697     0529  1303               	bcf	3,6	;RP1=0, select bank1
  3698     052A  0487               	iorwf	7,f	;volatile
  3699     052B  2DAE               	goto	l64
  3700     052C                     l1727:
  3701     052C  3001               	movlw	1
  3702     052D  00F5               	movwf	??_HAL_GPIO_SetDirection
  3703     052E  0A73               	incf	HAL_GPIO_SetDirection@pin,w
  3704     052F  2D32               	goto	u1994
  3705     0530                     u1995:
  3706     0530  1003               	clrc
  3707     0531  0DF5               	rlf	??_HAL_GPIO_SetDirection,f
  3708     0532                     u1994:
  3709     0532  3EFF               	addlw	-1
  3710     0533  1D03               	skipz
  3711     0534  2D30               	goto	u1995
  3712     0535  0875               	movf	??_HAL_GPIO_SetDirection,w
  3713     0536  3AFF               	xorlw	255
  3714     0537  1683               	bsf	3,5	;RP0=1, select bank1
  3715     0538  1303               	bcf	3,6	;RP1=0, select bank1
  3716     0539  0587               	andwf	7,f	;volatile
  3717     053A  2DAE               	goto	l64
  3718     053B                     l1729:
  3719                           
  3720                           ;hal/hal_gpio/hal_gpio.c: 31:             if (dir == GPIO_DIR_INPUT) { TRISD |= (1 << pi
      +                          n); }
  3721     053B  0374               	decf	HAL_GPIO_SetDirection@dir,w
  3722     053C  1D03               	btfss	3,2
  3723     053D  2D3F               	goto	u2001
  3724     053E  2D40               	goto	u2000
  3725     053F                     u2001:
  3726     053F  2D4E               	goto	l1733
  3727     0540                     u2000:
  3728     0540                     l1731:
  3729     0540  3001               	movlw	1
  3730     0541  00F5               	movwf	??_HAL_GPIO_SetDirection
  3731     0542  0A73               	incf	HAL_GPIO_SetDirection@pin,w
  3732     0543  2D46               	goto	u2014
  3733     0544                     u2015:
  3734     0544  1003               	clrc
  3735     0545  0DF5               	rlf	??_HAL_GPIO_SetDirection,f
  3736     0546                     u2014:
  3737     0546  3EFF               	addlw	-1
  3738     0547  1D03               	skipz
  3739     0548  2D44               	goto	u2015
  3740     0549  0875               	movf	??_HAL_GPIO_SetDirection,w
  3741     054A  1683               	bsf	3,5	;RP0=1, select bank1
  3742     054B  1303               	bcf	3,6	;RP1=0, select bank1
  3743     054C  0488               	iorwf	8,f	;volatile
  3744     054D  2DAE               	goto	l64
  3745     054E                     l1733:
  3746     054E  3001               	movlw	1
  3747     054F  00F5               	movwf	??_HAL_GPIO_SetDirection
  3748     0550  0A73               	incf	HAL_GPIO_SetDirection@pin,w
  3749     0551  2D54               	goto	u2024
  3750     0552                     u2025:
  3751     0552  1003               	clrc
  3752     0553  0DF5               	rlf	??_HAL_GPIO_SetDirection,f
  3753     0554                     u2024:
  3754     0554  3EFF               	addlw	-1
  3755     0555  1D03               	skipz
  3756     0556  2D52               	goto	u2025
  3757     0557  0875               	movf	??_HAL_GPIO_SetDirection,w
  3758     0558  3AFF               	xorlw	255
  3759     0559  1683               	bsf	3,5	;RP0=1, select bank1
  3760     055A  1303               	bcf	3,6	;RP1=0, select bank1
  3761     055B  0588               	andwf	8,f	;volatile
  3762     055C  2DAE               	goto	l64
  3763     055D                     l1735:
  3764                           
  3765                           ;hal/hal_gpio/hal_gpio.c: 36:             if (pin >= 0 && pin <= 2) { ANSEL &= ~(1 << (p
      +                          in + 5)); }
  3766     055D  3003               	movlw	3
  3767     055E  0273               	subwf	HAL_GPIO_SetDirection@pin,w
  3768     055F  1803               	skipnc
  3769     0560  2D62               	goto	u2031
  3770     0561  2D63               	goto	u2030
  3771     0562                     u2031:
  3772     0562  2D73               	goto	l60
  3773     0563                     u2030:
  3774     0563                     l1737:
  3775     0563  3001               	movlw	1
  3776     0564  00F5               	movwf	??_HAL_GPIO_SetDirection
  3777     0565  0873               	movf	HAL_GPIO_SetDirection@pin,w
  3778     0566  3E05               	addlw	5
  3779     0567  3E01               	addlw	1
  3780     0568  2D6B               	goto	u2044
  3781     0569                     u2045:
  3782     0569  1003               	clrc
  3783     056A  0DF5               	rlf	??_HAL_GPIO_SetDirection,f
  3784     056B                     u2044:
  3785     056B  3EFF               	addlw	-1
  3786     056C  1D03               	skipz
  3787     056D  2D69               	goto	u2045
  3788     056E  0875               	movf	??_HAL_GPIO_SetDirection,w
  3789     056F  3AFF               	xorlw	255
  3790     0570  1683               	bsf	3,5	;RP0=1, select bank3
  3791     0571  1703               	bsf	3,6	;RP1=1, select bank3
  3792     0572  0588               	andwf	8,f	;volatile
  3793     0573                     l60:
  3794                           
  3795                           ;hal/hal_gpio/hal_gpio.c: 37:             if (dir == GPIO_DIR_INPUT) { TRISE |= (1 << pi
      +                          n); }
  3796     0573  0374               	decf	HAL_GPIO_SetDirection@dir,w
  3797     0574  1D03               	btfss	3,2
  3798     0575  2D77               	goto	u2051
  3799     0576  2D78               	goto	u2050
  3800     0577                     u2051:
  3801     0577  2D86               	goto	l1741
  3802     0578                     u2050:
  3803     0578                     l1739:
  3804     0578  3001               	movlw	1
  3805     0579  00F5               	movwf	??_HAL_GPIO_SetDirection
  3806     057A  0A73               	incf	HAL_GPIO_SetDirection@pin,w
  3807     057B  2D7E               	goto	u2064
  3808     057C                     u2065:
  3809     057C  1003               	clrc
  3810     057D  0DF5               	rlf	??_HAL_GPIO_SetDirection,f
  3811     057E                     u2064:
  3812     057E  3EFF               	addlw	-1
  3813     057F  1D03               	skipz
  3814     0580  2D7C               	goto	u2065
  3815     0581  0875               	movf	??_HAL_GPIO_SetDirection,w
  3816     0582  1683               	bsf	3,5	;RP0=1, select bank1
  3817     0583  1303               	bcf	3,6	;RP1=0, select bank1
  3818     0584  0489               	iorwf	9,f	;volatile
  3819     0585  2DAE               	goto	l64
  3820     0586                     l1741:
  3821     0586  3001               	movlw	1
  3822     0587  00F5               	movwf	??_HAL_GPIO_SetDirection
  3823     0588  0A73               	incf	HAL_GPIO_SetDirection@pin,w
  3824     0589  2D8C               	goto	u2074
  3825     058A                     u2075:
  3826     058A  1003               	clrc
  3827     058B  0DF5               	rlf	??_HAL_GPIO_SetDirection,f
  3828     058C                     u2074:
  3829     058C  3EFF               	addlw	-1
  3830     058D  1D03               	skipz
  3831     058E  2D8A               	goto	u2075
  3832     058F  0875               	movf	??_HAL_GPIO_SetDirection,w
  3833     0590  3AFF               	xorlw	255
  3834     0591  1683               	bsf	3,5	;RP0=1, select bank1
  3835     0592  1303               	bcf	3,6	;RP1=0, select bank1
  3836     0593  0589               	andwf	9,f	;volatile
  3837     0594  2DAE               	goto	l64
  3838     0595                     l1745:
  3839     0595  0877               	movf	HAL_GPIO_SetDirection@port,w
  3840     0596  00F5               	movwf	??_HAL_GPIO_SetDirection
  3841     0597  01F6               	clrf	??_HAL_GPIO_SetDirection+1
  3842                           
  3843                           ; Switch on 2 bytes has been partitioned into a top level switch of size 1, and 1 sub-sw
      +                          itches
  3844                           ; Switch size 1, requested type "simple"
  3845                           ; Number of cases is 1, Range of values is 0 to 0
  3846                           ; switch strategies available:
  3847                           ; Name         Instructions Cycles
  3848                           ; simple_byte            4     3 (average)
  3849                           ; direct_byte           11     8 (fixed)
  3850                           ; jumptable            260     6 (fixed)
  3851                           ;	Chosen strategy is simple_byte
  3852     0598  0876               	movf	??_HAL_GPIO_SetDirection+1,w
  3853     0599  3A00               	xorlw	0	; case 0
  3854     059A  1903               	skipnz
  3855     059B  2D9D               	goto	l2853
  3856     059C  2DAE               	goto	l64
  3857     059D                     l2853:
  3858                           
  3859                           ; Switch size 1, requested type "simple"
  3860                           ; Number of cases is 5, Range of values is 0 to 4
  3861                           ; switch strategies available:
  3862                           ; Name         Instructions Cycles
  3863                           ; simple_byte           16     9 (average)
  3864                           ; direct_byte           23     8 (fixed)
  3865                           ; jumptable            260     6 (fixed)
  3866                           ;	Chosen strategy is simple_byte
  3867     059D  0875               	movf	??_HAL_GPIO_SetDirection,w
  3868     059E  3A00               	xorlw	0	; case 0
  3869     059F  1903               	skipnz
  3870     05A0  2C77               	goto	l1683
  3871     05A1  3A01               	xorlw	1	; case 1
  3872     05A2  1903               	skipnz
  3873     05A3  2CB8               	goto	l1695
  3874     05A4  3A03               	xorlw	3	; case 2
  3875     05A5  1903               	skipnz
  3876     05A6  2D19               	goto	l1723
  3877     05A7  3A01               	xorlw	1	; case 3
  3878     05A8  1903               	skipnz
  3879     05A9  2D3B               	goto	l1729
  3880     05AA  3A07               	xorlw	7	; case 4
  3881     05AB  1903               	skipnz
  3882     05AC  2D5D               	goto	l1735
  3883     05AD  2DAE               	goto	l64
  3884     05AE                     l64:
  3885     05AE  0008               	return
  3886     05AF                     __end_of_HAL_GPIO_SetDirection:
  3887                           
  3888                           	psect	text4
  3889     0CFF                     __ptext4:	
  3890 ;; *************** function _HAL_GPIO_PullUpEnable *****************
  3891 ;; Defined at:
  3892 ;;		line 46 in file "hal/hal_gpio/hal_gpio.c"
  3893 ;; Parameters:    Size  Location     Type
  3894 ;;  pin             1    wreg     enum E9
  3895 ;; Auto vars:     Size  Location     Type
  3896 ;;  pin             1    4[COMMON] enum E9
  3897 ;; Return value:  Size  Location     Type
  3898 ;;                  1    wreg      void 
  3899 ;; Registers used:
  3900 ;;		wreg, status,2, status,0
  3901 ;; Tracked objects:
  3902 ;;		On entry : 0/0
  3903 ;;		On exit  : 0/0
  3904 ;;		Unchanged: 0/0
  3905 ;; Data sizes:     COMMON   BANK0   BANK1   BANK3   BANK2
  3906 ;;      Params:         0       0       0       0       0
  3907 ;;      Locals:         1       0       0       0       0
  3908 ;;      Temps:          1       0       0       0       0
  3909 ;;      Totals:         2       0       0       0       0
  3910 ;;Total ram usage:        2 bytes
  3911 ;; Hardware stack levels used: 1
  3912 ;; Hardware stack levels required when called: 2
  3913 ;; This function calls:
  3914 ;;		Nothing
  3915 ;; This function is called by:
  3916 ;;		_sys_config
  3917 ;; This function uses a non-reentrant model
  3918 ;;
  3919                           
  3920     0CFF                     _HAL_GPIO_PullUpEnable:	
  3921                           ;psect for function _HAL_GPIO_PullUpEnable
  3922                           
  3923                           
  3924                           ;incstack = 0
  3925                           ; Regs used in _HAL_GPIO_PullUpEnable: [wreg+status,2+status,0]
  3926                           ;HAL_GPIO_PullUpEnable@pin stored from wreg
  3927     0CFF  00F4               	movwf	HAL_GPIO_PullUpEnable@pin
  3928     0D00                     l1751:
  3929                           
  3930                           ;hal/hal_gpio/hal_gpio.c: 47:     OPTION_REGbits.nRBPU = 0;
  3931     0D00  1683               	bsf	3,5	;RP0=1, select bank1
  3932     0D01  1303               	bcf	3,6	;RP1=0, select bank1
  3933     0D02  1381               	bcf	1,7	;volatile
  3934     0D03                     l1753:
  3935                           
  3936                           ;hal/hal_gpio/hal_gpio.c: 48:     WPUB |= (1 << pin);
  3937     0D03  3001               	movlw	1
  3938     0D04  00F3               	movwf	??_HAL_GPIO_PullUpEnable
  3939     0D05  0A74               	incf	HAL_GPIO_PullUpEnable@pin,w
  3940     0D06  2D09               	goto	u2084
  3941     0D07                     u2085:
  3942     0D07  1003               	clrc
  3943     0D08  0DF3               	rlf	??_HAL_GPIO_PullUpEnable,f
  3944     0D09                     u2084:
  3945     0D09  3EFF               	addlw	-1
  3946     0D0A  1D03               	skipz
  3947     0D0B  2D07               	goto	u2085
  3948     0D0C  0873               	movf	??_HAL_GPIO_PullUpEnable,w
  3949     0D0D  0495               	iorwf	21,f	;volatile
  3950     0D0E                     l67:
  3951     0D0E  0008               	return
  3952     0D0F                     __end_of_HAL_GPIO_PullUpEnable:
  3953                           
  3954                           	psect	text5
  3955     0D47                     __ptext5:	
  3956 ;; *************** function ___wmul *****************
  3957 ;; Defined at:
  3958 ;;		line 15 in file "C:\Program Files\Microchip\xc8\v3.10\pic\sources\c99\common\Umul16.c"
  3959 ;; Parameters:    Size  Location     Type
  3960 ;;  multiplier      2    3[COMMON] unsigned int 
  3961 ;;  multiplicand    2    5[COMMON] unsigned int 
  3962 ;; Auto vars:     Size  Location     Type
  3963 ;;  product         2    7[COMMON] unsigned int 
  3964 ;; Return value:  Size  Location     Type
  3965 ;;                  2    3[COMMON] unsigned int 
  3966 ;; Registers used:
  3967 ;;		wreg, status,2, status,0
  3968 ;; Tracked objects:
  3969 ;;		On entry : 0/0
  3970 ;;		On exit  : 0/0
  3971 ;;		Unchanged: 0/0
  3972 ;; Data sizes:     COMMON   BANK0   BANK1   BANK3   BANK2
  3973 ;;      Params:         4       0       0       0       0
  3974 ;;      Locals:         2       0       0       0       0
  3975 ;;      Temps:          0       0       0       0       0
  3976 ;;      Totals:         6       0       0       0       0
  3977 ;;Total ram usage:        6 bytes
  3978 ;; Hardware stack levels used: 1
  3979 ;; Hardware stack levels required when called: 2
  3980 ;; This function calls:
  3981 ;;		Nothing
  3982 ;; This function is called by:
  3983 ;;		_main
  3984 ;; This function uses a non-reentrant model
  3985 ;;
  3986                           
  3987     0D47                     ___wmul:	
  3988                           ;psect for function ___wmul
  3989                           
  3990     0D47                     l2057:	
  3991                           ;incstack = 0
  3992                           ; Regs used in ___wmul: [wreg+status,2+status,0]
  3993                           
  3994     0D47  01F7               	clrf	___wmul@product
  3995     0D48  01F8               	clrf	___wmul@product+1
  3996     0D49                     l2059:
  3997     0D49  1C73               	btfss	___wmul@multiplier,0
  3998     0D4A  2D4C               	goto	u2821
  3999     0D4B  2D4D               	goto	u2820
  4000     0D4C                     u2821:
  4001     0D4C  2D53               	goto	l451
  4002     0D4D                     u2820:
  4003     0D4D                     l2061:
  4004     0D4D  0875               	movf	___wmul@multiplicand,w
  4005     0D4E  07F7               	addwf	___wmul@product,f
  4006     0D4F  1803               	skipnc
  4007     0D50  0AF8               	incf	___wmul@product+1,f
  4008     0D51  0876               	movf	___wmul@multiplicand+1,w
  4009     0D52  07F8               	addwf	___wmul@product+1,f
  4010     0D53                     l451:
  4011     0D53  3001               	movlw	1
  4012     0D54                     u2835:
  4013     0D54  1003               	clrc
  4014     0D55  0DF5               	rlf	___wmul@multiplicand,f
  4015     0D56  0DF6               	rlf	___wmul@multiplicand+1,f
  4016     0D57  3EFF               	addlw	-1
  4017     0D58  1D03               	skipz
  4018     0D59  2D54               	goto	u2835
  4019     0D5A                     l2063:
  4020     0D5A  3001               	movlw	1
  4021     0D5B                     u2845:
  4022     0D5B  1003               	clrc
  4023     0D5C  0CF4               	rrf	___wmul@multiplier+1,f
  4024     0D5D  0CF3               	rrf	___wmul@multiplier,f
  4025     0D5E  3EFF               	addlw	-1
  4026     0D5F  1D03               	skipz
  4027     0D60  2D5B               	goto	u2845
  4028     0D61                     l2065:
  4029     0D61  0873               	movf	___wmul@multiplier,w
  4030     0D62  0474               	iorwf	___wmul@multiplier+1,w
  4031     0D63  1D03               	btfss	3,2
  4032     0D64  2D66               	goto	u2851
  4033     0D65  2D67               	goto	u2850
  4034     0D66                     u2851:
  4035     0D66  2D49               	goto	l2059
  4036     0D67                     u2850:
  4037     0D67                     l2067:
  4038     0D67  0878               	movf	___wmul@product+1,w
  4039     0D68  00F4               	movwf	?___wmul+1
  4040     0D69  0877               	movf	___wmul@product,w
  4041     0D6A  00F3               	movwf	?___wmul
  4042     0D6B                     l453:
  4043     0D6B  0008               	return
  4044     0D6C                     __end_of___wmul:
  4045                           
  4046                           	psect	text6
  4047     0CE3                     __ptext6:	
  4048 ;; *************** function _SysTick_Init *****************
  4049 ;; Defined at:
  4050 ;;		line 7 in file "sys/sys_tick/sys_tick.c"
  4051 ;; Parameters:    Size  Location     Type
  4052 ;;		None
  4053 ;; Auto vars:     Size  Location     Type
  4054 ;;		None
  4055 ;; Return value:  Size  Location     Type
  4056 ;;                  1    wreg      void 
  4057 ;; Registers used:
  4058 ;;		None
  4059 ;; Tracked objects:
  4060 ;;		On entry : 0/0
  4061 ;;		On exit  : 0/0
  4062 ;;		Unchanged: 0/0
  4063 ;; Data sizes:     COMMON   BANK0   BANK1   BANK3   BANK2
  4064 ;;      Params:         0       0       0       0       0
  4065 ;;      Locals:         0       0       0       0       0
  4066 ;;      Temps:          0       0       0       0       0
  4067 ;;      Totals:         0       0       0       0       0
  4068 ;;Total ram usage:        0 bytes
  4069 ;; Hardware stack levels used: 1
  4070 ;; Hardware stack levels required when called: 2
  4071 ;; This function calls:
  4072 ;;		Nothing
  4073 ;; This function is called by:
  4074 ;;		_main
  4075 ;; This function uses a non-reentrant model
  4076 ;;
  4077                           
  4078     0CE3                     _SysTick_Init:	
  4079                           ;psect for function _SysTick_Init
  4080                           
  4081     0CE3                     l1961:	
  4082                           ;incstack = 0
  4083                           ; Regs used in _SysTick_Init: []
  4084                           
  4085                           
  4086                           ;sys/sys_tick/sys_tick.c: 9:     OPTION_REGbits.T0CS = 0;
  4087     0CE3  1683               	bsf	3,5	;RP0=1, select bank1
  4088     0CE4  1303               	bcf	3,6	;RP1=0, select bank1
  4089     0CE5  1281               	bcf	1,5	;volatile
  4090                           
  4091                           ;sys/sys_tick/sys_tick.c: 10:     OPTION_REGbits.PSA = 0;
  4092     0CE6  1181               	bcf	1,3	;volatile
  4093                           
  4094                           ;sys/sys_tick/sys_tick.c: 11:     OPTION_REGbits.PS2 = 0;
  4095     0CE7  1101               	bcf	1,2	;volatile
  4096                           
  4097                           ;sys/sys_tick/sys_tick.c: 12:     OPTION_REGbits.PS1 = 0;
  4098     0CE8  1081               	bcf	1,1	;volatile
  4099                           
  4100                           ;sys/sys_tick/sys_tick.c: 13:     OPTION_REGbits.PS0 = 1;
  4101     0CE9  1401               	bsf	1,0	;volatile
  4102                           
  4103                           ;sys/sys_tick/sys_tick.c: 15:     TMR0 = 6;
  4104     0CEA  3006               	movlw	6
  4105     0CEB  1283               	bcf	3,5	;RP0=0, select bank0
  4106     0CEC  1303               	bcf	3,6	;RP1=0, select bank0
  4107     0CED  0081               	movwf	1	;volatile
  4108                           
  4109                           ;sys/sys_tick/sys_tick.c: 16:     INTCONbits.T0IE = 1;
  4110     0CEE  168B               	bsf	11,5	;volatile
  4111     0CEF                     l153:
  4112     0CEF  0008               	return
  4113     0CF0                     __end_of_SysTick_Init:
  4114                           
  4115                           	psect	text7
  4116     0CCC                     __ptext7:	
  4117 ;; *************** function _SysTick_GetMs *****************
  4118 ;; Defined at:
  4119 ;;		line 29 in file "sys/sys_tick/sys_tick.c"
  4120 ;; Parameters:    Size  Location     Type
  4121 ;;		None
  4122 ;; Auto vars:     Size  Location     Type
  4123 ;;		None
  4124 ;; Return value:  Size  Location     Type
  4125 ;;                  4    3[COMMON] unsigned long 
  4126 ;; Registers used:
  4127 ;;		wreg
  4128 ;; Tracked objects:
  4129 ;;		On entry : 0/0
  4130 ;;		On exit  : 0/0
  4131 ;;		Unchanged: 0/0
  4132 ;; Data sizes:     COMMON   BANK0   BANK1   BANK3   BANK2
  4133 ;;      Params:         4       0       0       0       0
  4134 ;;      Locals:         0       0       0       0       0
  4135 ;;      Temps:          0       0       0       0       0
  4136 ;;      Totals:         4       0       0       0       0
  4137 ;;Total ram usage:        4 bytes
  4138 ;; Hardware stack levels used: 1
  4139 ;; Hardware stack levels required when called: 2
  4140 ;; This function calls:
  4141 ;;		Nothing
  4142 ;; This function is called by:
  4143 ;;		_main
  4144 ;; This function uses a non-reentrant model
  4145 ;;
  4146                           
  4147     0CCC                     _SysTick_GetMs:	
  4148                           ;psect for function _SysTick_GetMs
  4149                           
  4150     0CCC                     l1973:	
  4151                           ;incstack = 0
  4152                           ; Regs used in _SysTick_GetMs: [wreg]
  4153                           
  4154                           
  4155                           ;sys/sys_tick/sys_tick.c: 30:     return sys_tick_ms;
  4156     0CCC  1283               	bcf	3,5	;RP0=0, select bank0
  4157     0CCD  1303               	bcf	3,6	;RP1=0, select bank0
  4158     0CCE  0866               	movf	_sys_tick_ms+3,w	;volatile
  4159     0CCF  00F6               	movwf	?_SysTick_GetMs+3
  4160     0CD0  0865               	movf	_sys_tick_ms+2,w	;volatile
  4161     0CD1  00F5               	movwf	?_SysTick_GetMs+2
  4162     0CD2  0864               	movf	_sys_tick_ms+1,w	;volatile
  4163     0CD3  00F4               	movwf	?_SysTick_GetMs+1
  4164     0CD4  0863               	movf	_sys_tick_ms,w	;volatile
  4165     0CD5  00F3               	movwf	?_SysTick_GetMs
  4166     0CD6                     l160:
  4167     0CD6  0008               	return
  4168     0CD7                     __end_of_SysTick_GetMs:
  4169                           
  4170                           	psect	text8
  4171     0D2B                     __ptext8:	
  4172 ;; *************** function _HAL_UART_WriteString *****************
  4173 ;; Defined at:
  4174 ;;		line 28 in file "hal/hal_uart/hal_uart.c"
  4175 ;; Parameters:    Size  Location     Type
  4176 ;;  str             1    4[COMMON] PTR const unsigned char 
  4177 ;;		 -> STR_6(2), STR_5(6), STR_4(2), STR_3(2), 
  4178 ;;		 -> STR_2(7), STR_1(5), 
  4179 ;; Auto vars:     Size  Location     Type
  4180 ;;		None
  4181 ;; Return value:  Size  Location     Type
  4182 ;;                  1    wreg      void 
  4183 ;; Registers used:
  4184 ;;		wreg, fsr0l, fsr0h, status,2, status,0, pclath, cstack
  4185 ;; Tracked objects:
  4186 ;;		On entry : 0/0
  4187 ;;		On exit  : 0/0
  4188 ;;		Unchanged: 0/0
  4189 ;; Data sizes:     COMMON   BANK0   BANK1   BANK3   BANK2
  4190 ;;      Params:         1       0       0       0       0
  4191 ;;      Locals:         0       0       0       0       0
  4192 ;;      Temps:          0       0       0       0       0
  4193 ;;      Totals:         1       0       0       0       0
  4194 ;;Total ram usage:        1 bytes
  4195 ;; Hardware stack levels used: 1
  4196 ;; Hardware stack levels required when called: 3
  4197 ;; This function calls:
  4198 ;;		_HAL_UART_WriteChar
  4199 ;; This function is called by:
  4200 ;;		_main
  4201 ;; This function uses a non-reentrant model
  4202 ;;
  4203                           
  4204     0D2B                     _HAL_UART_WriteString:	
  4205                           ;psect for function _HAL_UART_WriteString
  4206                           
  4207     0D2B                     l1995:	
  4208                           ;incstack = 0
  4209                           ; Regs used in _HAL_UART_WriteString: [wreg-fsr0h+status,2+status,0+pclath+cstack]
  4210                           
  4211                           
  4212                           ;hal/hal_uart/hal_uart.c: 29:     while (*str) {
  4213     0D2B  2D3A               	goto	l2001
  4214     0D2C                     l1997:
  4215                           
  4216                           ;hal/hal_uart/hal_uart.c: 30:         HAL_UART_WriteChar(*str++);
  4217     0D2C  0874               	movf	HAL_UART_WriteString@str,w
  4218     0D2D  0084               	movwf	4
  4219     0D2E  120A  158A  2000  120A  158A  	fcall	stringdir
  4220     0D33  120A  158A  24D7  120A  158A  	fcall	_HAL_UART_WriteChar
  4221     0D38                     l1999:
  4222     0D38  3001               	movlw	1
  4223     0D39  07F4               	addwf	HAL_UART_WriteString@str,f
  4224     0D3A                     l2001:
  4225                           
  4226                           ;hal/hal_uart/hal_uart.c: 29:     while (*str) {
  4227     0D3A  0874               	movf	HAL_UART_WriteString@str,w
  4228     0D3B  0084               	movwf	4
  4229     0D3C  120A  158A  2000  120A  158A  	fcall	stringdir
  4230     0D41  3A00               	xorlw	0
  4231     0D42  1D03               	skipz
  4232     0D43  2D45               	goto	u2741
  4233     0D44  2D46               	goto	u2740
  4234     0D45                     u2741:
  4235     0D45  2D2C               	goto	l1997
  4236     0D46                     u2740:
  4237     0D46                     l187:
  4238     0D46  0008               	return
  4239     0D47                     __end_of_HAL_UART_WriteString:
  4240                           
  4241                           	psect	text9
  4242     0F2E                     __ptext9:	
  4243 ;; *************** function _HAL_UART_WriteInt *****************
  4244 ;; Defined at:
  4245 ;;		line 34 in file "hal/hal_uart/hal_uart.c"
  4246 ;; Parameters:    Size  Location     Type
  4247 ;;  val             2   11[BANK0 ] unsigned short 
  4248 ;; Auto vars:     Size  Location     Type
  4249 ;;  buffer          6   13[BANK0 ] unsigned char [6]
  4250 ;;  j               2   21[BANK0 ] int 
  4251 ;;  i               2   19[BANK0 ] int 
  4252 ;; Return value:  Size  Location     Type
  4253 ;;                  1    wreg      void 
  4254 ;; Registers used:
  4255 ;;		wreg, fsr0l, fsr0h, status,2, status,0, pclath, cstack
  4256 ;; Tracked objects:
  4257 ;;		On entry : 0/0
  4258 ;;		On exit  : 0/0
  4259 ;;		Unchanged: 0/0
  4260 ;; Data sizes:     COMMON   BANK0   BANK1   BANK3   BANK2
  4261 ;;      Params:         0       2       0       0       0
  4262 ;;      Locals:         0      10       0       0       0
  4263 ;;      Temps:          0       0       0       0       0
  4264 ;;      Totals:         0      12       0       0       0
  4265 ;;Total ram usage:       12 bytes
  4266 ;; Hardware stack levels used: 1
  4267 ;; Hardware stack levels required when called: 3
  4268 ;; This function calls:
  4269 ;;		_HAL_UART_WriteChar
  4270 ;;		___lwdiv
  4271 ;;		___lwmod
  4272 ;; This function is called by:
  4273 ;;		_main
  4274 ;; This function uses a non-reentrant model
  4275 ;;
  4276                           
  4277     0F2E                     _HAL_UART_WriteInt:	
  4278                           ;psect for function _HAL_UART_WriteInt
  4279                           
  4280     0F2E                     l2003:	
  4281                           ;incstack = 0
  4282                           ; Regs used in _HAL_UART_WriteInt: [wreg-fsr0h+status,2+status,0+pclath+cstack]
  4283                           
  4284                           
  4285                           ;hal/hal_uart/hal_uart.c: 35:     char buffer[6];;hal/hal_uart/hal_uart.c: 36:     int i
      +                           = 0, j;
  4286     0F2E  1283               	bcf	3,5	;RP0=0, select bank0
  4287     0F2F  1303               	bcf	3,6	;RP1=0, select bank0
  4288     0F30  01B3               	clrf	HAL_UART_WriteInt@i
  4289     0F31  01B4               	clrf	HAL_UART_WriteInt@i+1
  4290     0F32                     l2005:
  4291                           
  4292                           ;hal/hal_uart/hal_uart.c: 38:     if (val == 0) {
  4293     0F32  082B               	movf	HAL_UART_WriteInt@val,w
  4294     0F33  042C               	iorwf	HAL_UART_WriteInt@val+1,w
  4295     0F34  1D03               	btfss	3,2
  4296     0F35  2F37               	goto	u2751
  4297     0F36  2F38               	goto	u2750
  4298     0F37                     u2751:
  4299     0F37  2F6E               	goto	l2017
  4300     0F38                     u2750:
  4301     0F38                     l2007:
  4302                           
  4303                           ;hal/hal_uart/hal_uart.c: 39:         HAL_UART_WriteChar('0');
  4304     0F38  3030               	movlw	48
  4305     0F39  120A  158A  24D7  120A  158A  	fcall	_HAL_UART_WriteChar
  4306     0F3E  2F94               	goto	l191
  4307     0F3F                     l2011:
  4308                           
  4309                           ;hal/hal_uart/hal_uart.c: 44:         buffer[i++] = (val % 10) + '0';
  4310     0F3F  0833               	movf	HAL_UART_WriteInt@i,w
  4311     0F40  3E2D               	addlw	(low (HAL_UART_WriteInt@buffer| 0))& (0+255)
  4312     0F41  0084               	movwf	4
  4313     0F42  300A               	movlw	10
  4314     0F43  00A7               	movwf	___lwmod@divisor
  4315     0F44  3000               	movlw	0
  4316     0F45  00A8               	movwf	___lwmod@divisor+1
  4317     0F46  082C               	movf	HAL_UART_WriteInt@val+1,w
  4318     0F47  00AA               	movwf	___lwmod@dividend+1
  4319     0F48  082B               	movf	HAL_UART_WriteInt@val,w
  4320     0F49  00A9               	movwf	___lwmod@dividend
  4321     0F4A  120A  158A  2602  120A  158A  	fcall	___lwmod
  4322     0F4F  1283               	bcf	3,5	;RP0=0, select bank0
  4323     0F50  1303               	bcf	3,6	;RP1=0, select bank0
  4324     0F51  0827               	movf	?___lwmod,w
  4325     0F52  3E30               	addlw	48
  4326     0F53  1383               	bcf	3,7	;select IRP bank0
  4327     0F54  0080               	movwf	0
  4328     0F55                     l2013:
  4329     0F55  3001               	movlw	1
  4330     0F56  07B3               	addwf	HAL_UART_WriteInt@i,f
  4331     0F57  1803               	skipnc
  4332     0F58  0AB4               	incf	HAL_UART_WriteInt@i+1,f
  4333     0F59  3000               	movlw	0
  4334     0F5A  07B4               	addwf	HAL_UART_WriteInt@i+1,f
  4335     0F5B                     l2015:
  4336                           
  4337                           ;hal/hal_uart/hal_uart.c: 45:         val /= 10;
  4338     0F5B  300A               	movlw	10
  4339     0F5C  00A0               	movwf	___lwdiv@divisor
  4340     0F5D  3000               	movlw	0
  4341     0F5E  00A1               	movwf	___lwdiv@divisor+1
  4342     0F5F  082C               	movf	HAL_UART_WriteInt@val+1,w
  4343     0F60  00A3               	movwf	___lwdiv@dividend+1
  4344     0F61  082B               	movf	HAL_UART_WriteInt@val,w
  4345     0F62  00A2               	movwf	___lwdiv@dividend
  4346     0F63  120A  158A  263C  120A  158A  	fcall	___lwdiv
  4347     0F68  1283               	bcf	3,5	;RP0=0, select bank0
  4348     0F69  1303               	bcf	3,6	;RP1=0, select bank0
  4349     0F6A  0821               	movf	?___lwdiv+1,w
  4350     0F6B  00AC               	movwf	HAL_UART_WriteInt@val+1
  4351     0F6C  0820               	movf	?___lwdiv,w
  4352     0F6D  00AB               	movwf	HAL_UART_WriteInt@val
  4353     0F6E                     l2017:
  4354                           
  4355                           ;hal/hal_uart/hal_uart.c: 43:     while (val > 0) {
  4356     0F6E  082B               	movf	HAL_UART_WriteInt@val,w
  4357     0F6F  042C               	iorwf	HAL_UART_WriteInt@val+1,w
  4358     0F70  1D03               	btfss	3,2
  4359     0F71  2F73               	goto	u2761
  4360     0F72  2F74               	goto	u2760
  4361     0F73                     u2761:
  4362     0F73  2F3F               	goto	l2011
  4363     0F74                     u2760:
  4364     0F74                     l2019:
  4365                           
  4366                           ;hal/hal_uart/hal_uart.c: 48:     for (j = i - 1; j >= 0; j--) {
  4367     0F74  0833               	movf	HAL_UART_WriteInt@i,w
  4368     0F75  3EFF               	addlw	255
  4369     0F76  00B5               	movwf	HAL_UART_WriteInt@j
  4370     0F77  0834               	movf	HAL_UART_WriteInt@i+1,w
  4371     0F78  1803               	skipnc
  4372     0F79  3E01               	addlw	1
  4373     0F7A  3EFF               	addlw	255
  4374     0F7B  00B6               	movwf	HAL_UART_WriteInt@j+1
  4375     0F7C                     l2021:
  4376     0F7C  1FB6               	btfss	HAL_UART_WriteInt@j+1,7
  4377     0F7D  2F7F               	goto	u2771
  4378     0F7E  2F80               	goto	u2770
  4379     0F7F                     u2771:
  4380     0F7F  2F81               	goto	l2025
  4381     0F80                     u2770:
  4382     0F80  2F94               	goto	l191
  4383     0F81                     l2025:
  4384                           
  4385                           ;hal/hal_uart/hal_uart.c: 49:         HAL_UART_WriteChar(buffer[j]);
  4386     0F81  0835               	movf	HAL_UART_WriteInt@j,w
  4387     0F82  3E2D               	addlw	(low (HAL_UART_WriteInt@buffer| 0))& (0+255)
  4388     0F83  0084               	movwf	4
  4389     0F84  1383               	bcf	3,7	;select IRP bank0
  4390     0F85  0800               	movf	0,w
  4391     0F86  120A  158A  24D7  120A  158A  	fcall	_HAL_UART_WriteChar
  4392     0F8B                     l2027:
  4393                           
  4394                           ;hal/hal_uart/hal_uart.c: 50:     }
  4395     0F8B  30FF               	movlw	255
  4396     0F8C  1283               	bcf	3,5	;RP0=0, select bank0
  4397     0F8D  1303               	bcf	3,6	;RP1=0, select bank0
  4398     0F8E  07B5               	addwf	HAL_UART_WriteInt@j,f
  4399     0F8F  1803               	skipnc
  4400     0F90  0AB6               	incf	HAL_UART_WriteInt@j+1,f
  4401     0F91  30FF               	movlw	255
  4402     0F92  07B6               	addwf	HAL_UART_WriteInt@j+1,f
  4403     0F93  2F7C               	goto	l2021
  4404     0F94                     l191:
  4405     0F94  0008               	return
  4406     0F95                     __end_of_HAL_UART_WriteInt:
  4407                           
  4408                           	psect	text10
  4409     0E02                     __ptext10:	
  4410 ;; *************** function ___lwmod *****************
  4411 ;; Defined at:
  4412 ;;		line 5 in file "C:\Program Files\Microchip\xc8\v3.10\pic\sources\c99\common\lwmod.c"
  4413 ;; Parameters:    Size  Location     Type
  4414 ;;  divisor         2    7[BANK0 ] unsigned int 
  4415 ;;  dividend        2    9[BANK0 ] unsigned int 
  4416 ;; Auto vars:     Size  Location     Type
  4417 ;;  counter         1    9[COMMON] unsigned char 
  4418 ;; Return value:  Size  Location     Type
  4419 ;;                  2    7[BANK0 ] unsigned int 
  4420 ;; Registers used:
  4421 ;;		wreg, status,2, status,0
  4422 ;; Tracked objects:
  4423 ;;		On entry : 0/0
  4424 ;;		On exit  : 0/0
  4425 ;;		Unchanged: 0/0
  4426 ;; Data sizes:     COMMON   BANK0   BANK1   BANK3   BANK2
  4427 ;;      Params:         0       4       0       0       0
  4428 ;;      Locals:         1       0       0       0       0
  4429 ;;      Temps:          0       0       0       0       0
  4430 ;;      Totals:         1       4       0       0       0
  4431 ;;Total ram usage:        5 bytes
  4432 ;; Hardware stack levels used: 1
  4433 ;; Hardware stack levels required when called: 2
  4434 ;; This function calls:
  4435 ;;		Nothing
  4436 ;; This function is called by:
  4437 ;;		_HAL_UART_WriteInt
  4438 ;;		_main
  4439 ;; This function uses a non-reentrant model
  4440 ;;
  4441                           
  4442     0E02                     ___lwmod:	
  4443                           ;psect for function ___lwmod
  4444                           
  4445     0E02                     l1863:	
  4446                           ;incstack = 0
  4447                           ; Regs used in ___lwmod: [wreg+status,2+status,0]
  4448                           
  4449     0E02  1283               	bcf	3,5	;RP0=0, select bank0
  4450     0E03  1303               	bcf	3,6	;RP1=0, select bank0
  4451     0E04  0827               	movf	___lwmod@divisor,w
  4452     0E05  0428               	iorwf	___lwmod@divisor+1,w
  4453     0E06  1903               	btfsc	3,2
  4454     0E07  2E09               	goto	u2441
  4455     0E08  2E0A               	goto	u2440
  4456     0E09                     u2441:
  4457     0E09  2E37               	goto	l1881
  4458     0E0A                     u2440:
  4459     0E0A                     l1865:
  4460     0E0A  3001               	movlw	1
  4461     0E0B  00F9               	movwf	___lwmod@counter
  4462     0E0C  2E16               	goto	l1871
  4463     0E0D                     l1867:
  4464     0E0D  3001               	movlw	1
  4465     0E0E                     u2455:
  4466     0E0E  1003               	clrc
  4467     0E0F  0DA7               	rlf	___lwmod@divisor,f
  4468     0E10  0DA8               	rlf	___lwmod@divisor+1,f
  4469     0E11  3EFF               	addlw	-1
  4470     0E12  1D03               	skipz
  4471     0E13  2E0E               	goto	u2455
  4472     0E14                     l1869:
  4473     0E14  3001               	movlw	1
  4474     0E15  07F9               	addwf	___lwmod@counter,f
  4475     0E16                     l1871:
  4476     0E16  1FA8               	btfss	___lwmod@divisor+1,7
  4477     0E17  2E19               	goto	u2461
  4478     0E18  2E1A               	goto	u2460
  4479     0E19                     u2461:
  4480     0E19  2E0D               	goto	l1867
  4481     0E1A                     u2460:
  4482     0E1A                     l1873:
  4483     0E1A  0828               	movf	___lwmod@divisor+1,w
  4484     0E1B  022A               	subwf	___lwmod@dividend+1,w
  4485     0E1C  1D03               	skipz
  4486     0E1D  2E20               	goto	u2475
  4487     0E1E  0827               	movf	___lwmod@divisor,w
  4488     0E1F  0229               	subwf	___lwmod@dividend,w
  4489     0E20                     u2475:
  4490     0E20  1C03               	skipc
  4491     0E21  2E23               	goto	u2471
  4492     0E22  2E24               	goto	u2470
  4493     0E23                     u2471:
  4494     0E23  2E2A               	goto	l1877
  4495     0E24                     u2470:
  4496     0E24                     l1875:
  4497     0E24  0827               	movf	___lwmod@divisor,w
  4498     0E25  02A9               	subwf	___lwmod@dividend,f
  4499     0E26  0828               	movf	___lwmod@divisor+1,w
  4500     0E27  1C03               	skipc
  4501     0E28  03AA               	decf	___lwmod@dividend+1,f
  4502     0E29  02AA               	subwf	___lwmod@dividend+1,f
  4503     0E2A                     l1877:
  4504     0E2A  3001               	movlw	1
  4505     0E2B                     u2485:
  4506     0E2B  1003               	clrc
  4507     0E2C  0CA8               	rrf	___lwmod@divisor+1,f
  4508     0E2D  0CA7               	rrf	___lwmod@divisor,f
  4509     0E2E  3EFF               	addlw	-1
  4510     0E2F  1D03               	skipz
  4511     0E30  2E2B               	goto	u2485
  4512     0E31                     l1879:
  4513     0E31  3001               	movlw	1
  4514     0E32  02F9               	subwf	___lwmod@counter,f
  4515     0E33  1D03               	btfss	3,2
  4516     0E34  2E36               	goto	u2491
  4517     0E35  2E37               	goto	u2490
  4518     0E36                     u2491:
  4519     0E36  2E1A               	goto	l1873
  4520     0E37                     u2490:
  4521     0E37                     l1881:
  4522     0E37  082A               	movf	___lwmod@dividend+1,w
  4523     0E38  00A8               	movwf	?___lwmod+1
  4524     0E39  0829               	movf	___lwmod@dividend,w
  4525     0E3A  00A7               	movwf	?___lwmod
  4526     0E3B                     l741:
  4527     0E3B  0008               	return
  4528     0E3C                     __end_of___lwmod:
  4529                           
  4530                           	psect	text11
  4531     0E3C                     __ptext11:	
  4532 ;; *************** function ___lwdiv *****************
  4533 ;; Defined at:
  4534 ;;		line 5 in file "C:\Program Files\Microchip\xc8\v3.10\pic\sources\c99\common\lwdiv.c"
  4535 ;; Parameters:    Size  Location     Type
  4536 ;;  divisor         2    0[BANK0 ] unsigned int 
  4537 ;;  dividend        2    2[BANK0 ] unsigned int 
  4538 ;; Auto vars:     Size  Location     Type
  4539 ;;  quotient        2    4[BANK0 ] unsigned int 
  4540 ;;  counter         1    6[BANK0 ] unsigned char 
  4541 ;; Return value:  Size  Location     Type
  4542 ;;                  2    0[BANK0 ] unsigned int 
  4543 ;; Registers used:
  4544 ;;		wreg, status,2, status,0
  4545 ;; Tracked objects:
  4546 ;;		On entry : 0/0
  4547 ;;		On exit  : 0/0
  4548 ;;		Unchanged: 0/0
  4549 ;; Data sizes:     COMMON   BANK0   BANK1   BANK3   BANK2
  4550 ;;      Params:         0       4       0       0       0
  4551 ;;      Locals:         0       3       0       0       0
  4552 ;;      Temps:          0       0       0       0       0
  4553 ;;      Totals:         0       7       0       0       0
  4554 ;;Total ram usage:        7 bytes
  4555 ;; Hardware stack levels used: 1
  4556 ;; Hardware stack levels required when called: 2
  4557 ;; This function calls:
  4558 ;;		Nothing
  4559 ;; This function is called by:
  4560 ;;		_HAL_UART_WriteInt
  4561 ;;		_main
  4562 ;; This function uses a non-reentrant model
  4563 ;;
  4564                           
  4565     0E3C                     ___lwdiv:	
  4566                           ;psect for function ___lwdiv
  4567                           
  4568     0E3C                     l1837:	
  4569                           ;incstack = 0
  4570                           ; Regs used in ___lwdiv: [wreg+status,2+status,0]
  4571                           
  4572     0E3C  1283               	bcf	3,5	;RP0=0, select bank0
  4573     0E3D  1303               	bcf	3,6	;RP1=0, select bank0
  4574     0E3E  01A4               	clrf	___lwdiv@quotient
  4575     0E3F  01A5               	clrf	___lwdiv@quotient+1
  4576     0E40                     l1839:
  4577     0E40  0820               	movf	___lwdiv@divisor,w
  4578     0E41  0421               	iorwf	___lwdiv@divisor+1,w
  4579     0E42  1903               	btfsc	3,2
  4580     0E43  2E45               	goto	u2371
  4581     0E44  2E46               	goto	u2370
  4582     0E45                     u2371:
  4583     0E45  2E7B               	goto	l1859
  4584     0E46                     u2370:
  4585     0E46                     l1841:
  4586     0E46  3001               	movlw	1
  4587     0E47  00A6               	movwf	___lwdiv@counter
  4588     0E48  2E52               	goto	l1847
  4589     0E49                     l1843:
  4590     0E49  3001               	movlw	1
  4591     0E4A                     u2385:
  4592     0E4A  1003               	clrc
  4593     0E4B  0DA0               	rlf	___lwdiv@divisor,f
  4594     0E4C  0DA1               	rlf	___lwdiv@divisor+1,f
  4595     0E4D  3EFF               	addlw	-1
  4596     0E4E  1D03               	skipz
  4597     0E4F  2E4A               	goto	u2385
  4598     0E50                     l1845:
  4599     0E50  3001               	movlw	1
  4600     0E51  07A6               	addwf	___lwdiv@counter,f
  4601     0E52                     l1847:
  4602     0E52  1FA1               	btfss	___lwdiv@divisor+1,7
  4603     0E53  2E55               	goto	u2391
  4604     0E54  2E56               	goto	u2390
  4605     0E55                     u2391:
  4606     0E55  2E49               	goto	l1843
  4607     0E56                     u2390:
  4608     0E56                     l1849:
  4609     0E56  3001               	movlw	1
  4610     0E57                     u2405:
  4611     0E57  1003               	clrc
  4612     0E58  0DA4               	rlf	___lwdiv@quotient,f
  4613     0E59  0DA5               	rlf	___lwdiv@quotient+1,f
  4614     0E5A  3EFF               	addlw	-1
  4615     0E5B  1D03               	skipz
  4616     0E5C  2E57               	goto	u2405
  4617     0E5D  0821               	movf	___lwdiv@divisor+1,w
  4618     0E5E  0223               	subwf	___lwdiv@dividend+1,w
  4619     0E5F  1D03               	skipz
  4620     0E60  2E63               	goto	u2415
  4621     0E61  0820               	movf	___lwdiv@divisor,w
  4622     0E62  0222               	subwf	___lwdiv@dividend,w
  4623     0E63                     u2415:
  4624     0E63  1C03               	skipc
  4625     0E64  2E66               	goto	u2411
  4626     0E65  2E67               	goto	u2410
  4627     0E66                     u2411:
  4628     0E66  2E6E               	goto	l1855
  4629     0E67                     u2410:
  4630     0E67                     l1851:
  4631     0E67  0820               	movf	___lwdiv@divisor,w
  4632     0E68  02A2               	subwf	___lwdiv@dividend,f
  4633     0E69  0821               	movf	___lwdiv@divisor+1,w
  4634     0E6A  1C03               	skipc
  4635     0E6B  03A3               	decf	___lwdiv@dividend+1,f
  4636     0E6C  02A3               	subwf	___lwdiv@dividend+1,f
  4637     0E6D                     l1853:
  4638     0E6D  1424               	bsf	___lwdiv@quotient,0
  4639     0E6E                     l1855:
  4640     0E6E  3001               	movlw	1
  4641     0E6F                     u2425:
  4642     0E6F  1003               	clrc
  4643     0E70  0CA1               	rrf	___lwdiv@divisor+1,f
  4644     0E71  0CA0               	rrf	___lwdiv@divisor,f
  4645     0E72  3EFF               	addlw	-1
  4646     0E73  1D03               	skipz
  4647     0E74  2E6F               	goto	u2425
  4648     0E75                     l1857:
  4649     0E75  3001               	movlw	1
  4650     0E76  02A6               	subwf	___lwdiv@counter,f
  4651     0E77  1D03               	btfss	3,2
  4652     0E78  2E7A               	goto	u2431
  4653     0E79  2E7B               	goto	u2430
  4654     0E7A                     u2431:
  4655     0E7A  2E56               	goto	l1849
  4656     0E7B                     u2430:
  4657     0E7B                     l1859:
  4658     0E7B  0825               	movf	___lwdiv@quotient+1,w
  4659     0E7C  00A1               	movwf	?___lwdiv+1
  4660     0E7D  0824               	movf	___lwdiv@quotient,w
  4661     0E7E  00A0               	movwf	?___lwdiv
  4662     0E7F                     l731:
  4663     0E7F  0008               	return
  4664     0E80                     __end_of___lwdiv:
  4665                           
  4666                           	psect	text12
  4667     0CD7                     __ptext12:	
  4668 ;; *************** function _HAL_UART_WriteChar *****************
  4669 ;; Defined at:
  4670 ;;		line 23 in file "hal/hal_uart/hal_uart.c"
  4671 ;; Parameters:    Size  Location     Type
  4672 ;;  bt              1    wreg     unsigned char 
  4673 ;; Auto vars:     Size  Location     Type
  4674 ;;  bt              1    3[COMMON] unsigned char 
  4675 ;; Return value:  Size  Location     Type
  4676 ;;                  1    wreg      void 
  4677 ;; Registers used:
  4678 ;;		wreg
  4679 ;; Tracked objects:
  4680 ;;		On entry : 0/0
  4681 ;;		On exit  : 0/0
  4682 ;;		Unchanged: 0/0
  4683 ;; Data sizes:     COMMON   BANK0   BANK1   BANK3   BANK2
  4684 ;;      Params:         0       0       0       0       0
  4685 ;;      Locals:         1       0       0       0       0
  4686 ;;      Temps:          0       0       0       0       0
  4687 ;;      Totals:         1       0       0       0       0
  4688 ;;Total ram usage:        1 bytes
  4689 ;; Hardware stack levels used: 1
  4690 ;; Hardware stack levels required when called: 2
  4691 ;; This function calls:
  4692 ;;		Nothing
  4693 ;; This function is called by:
  4694 ;;		_HAL_UART_WriteString
  4695 ;;		_HAL_UART_WriteInt
  4696 ;; This function uses a non-reentrant model
  4697 ;;
  4698                           
  4699     0CD7                     _HAL_UART_WriteChar:	
  4700                           ;psect for function _HAL_UART_WriteChar
  4701                           
  4702                           
  4703                           ;incstack = 0
  4704                           ; Regs used in _HAL_UART_WriteChar: [wreg]
  4705                           ;HAL_UART_WriteChar@bt stored from wreg
  4706     0CD7  00F3               	movwf	HAL_UART_WriteChar@bt
  4707     0CD8                     l1795:
  4708     0CD8                     l178:	
  4709                           ;hal/hal_uart/hal_uart.c: 24:     while (!TXSTAbits.TRMT);
  4710                           
  4711     0CD8  1683               	bsf	3,5	;RP0=1, select bank1
  4712     0CD9  1303               	bcf	3,6	;RP1=0, select bank1
  4713     0CDA  1C98               	btfss	24,1	;volatile
  4714     0CDB  2CDD               	goto	u2241
  4715     0CDC  2CDE               	goto	u2240
  4716     0CDD                     u2241:
  4717     0CDD  2CD8               	goto	l178
  4718     0CDE                     u2240:
  4719     0CDE                     l1797:
  4720                           
  4721                           ;hal/hal_uart/hal_uart.c: 25:     TXREG = bt;
  4722     0CDE  0873               	movf	HAL_UART_WriteChar@bt,w
  4723     0CDF  1283               	bcf	3,5	;RP0=0, select bank0
  4724     0CE0  1303               	bcf	3,6	;RP1=0, select bank0
  4725     0CE1  0099               	movwf	25	;volatile
  4726     0CE2                     l181:
  4727     0CE2  0008               	return
  4728     0CE3                     __end_of_HAL_UART_WriteChar:
  4729                           
  4730                           	psect	text13
  4731     0D97                     __ptext13:	
  4732 ;; *************** function _HAL_UART_Init *****************
  4733 ;; Defined at:
  4734 ;;		line 6 in file "hal/hal_uart/hal_uart.c"
  4735 ;; Parameters:    Size  Location     Type
  4736 ;;  baud_rate       4   21[BANK0 ] unsigned long 
  4737 ;; Auto vars:     Size  Location     Type
  4738 ;;		None
  4739 ;; Return value:  Size  Location     Type
  4740 ;;                  1    wreg      void 
  4741 ;; Registers used:
  4742 ;;		wreg, status,2, status,0, pclath, cstack
  4743 ;; Tracked objects:
  4744 ;;		On entry : 0/0
  4745 ;;		On exit  : 0/0
  4746 ;;		Unchanged: 0/0
  4747 ;; Data sizes:     COMMON   BANK0   BANK1   BANK3   BANK2
  4748 ;;      Params:         0       4       0       0       0
  4749 ;;      Locals:         0       0       0       0       0
  4750 ;;      Temps:          0       0       0       0       0
  4751 ;;      Totals:         0       4       0       0       0
  4752 ;;Total ram usage:        4 bytes
  4753 ;; Hardware stack levels used: 1
  4754 ;; Hardware stack levels required when called: 3
  4755 ;; This function calls:
  4756 ;;		___lldiv
  4757 ;; This function is called by:
  4758 ;;		_main
  4759 ;; This function uses a non-reentrant model
  4760 ;;
  4761                           
  4762     0D97                     _HAL_UART_Init:	
  4763                           ;psect for function _HAL_UART_Init
  4764                           
  4765     0D97                     l2487:	
  4766                           ;incstack = 0
  4767                           ; Regs used in _HAL_UART_Init: [wreg+status,2+status,0+pclath+cstack]
  4768                           
  4769                           
  4770                           ;hal/hal_uart/hal_uart.c: 7:     TRISCbits.TRISC6 = 0;
  4771     0D97  1683               	bsf	3,5	;RP0=1, select bank1
  4772     0D98  1303               	bcf	3,6	;RP1=0, select bank1
  4773     0D99  1307               	bcf	7,6	;volatile
  4774                           
  4775                           ;hal/hal_uart/hal_uart.c: 8:     TRISCbits.TRISC7 = 1;
  4776     0D9A  1787               	bsf	7,7	;volatile
  4777     0D9B                     l2489:
  4778                           
  4779                           ;hal/hal_uart/hal_uart.c: 10:     SPBRG = (uint8_t)((20000000 / 16) / baud_rate) - 1;
  4780     0D9B  1283               	bcf	3,5	;RP0=0, select bank0
  4781     0D9C  1303               	bcf	3,6	;RP1=0, select bank0
  4782     0D9D  0838               	movf	HAL_UART_Init@baud_rate+3,w
  4783     0D9E  00AB               	movwf	___lldiv@divisor+3
  4784     0D9F  0837               	movf	HAL_UART_Init@baud_rate+2,w
  4785     0DA0  00AA               	movwf	___lldiv@divisor+2
  4786     0DA1  0836               	movf	HAL_UART_Init@baud_rate+1,w
  4787     0DA2  00A9               	movwf	___lldiv@divisor+1
  4788     0DA3  0835               	movf	HAL_UART_Init@baud_rate,w
  4789     0DA4  00A8               	movwf	___lldiv@divisor
  4790     0DA5  3000               	movlw	0
  4791     0DA6  00AF               	movwf	___lldiv@dividend+3
  4792     0DA7  3013               	movlw	19
  4793     0DA8  00AE               	movwf	___lldiv@dividend+2
  4794     0DA9  3012               	movlw	18
  4795     0DAA  00AD               	movwf	___lldiv@dividend+1
  4796     0DAB  30D0               	movlw	208
  4797     0DAC  00AC               	movwf	___lldiv@dividend
  4798     0DAD  120A  158A  26C8  120A  158A  	fcall	___lldiv
  4799     0DB2  1283               	bcf	3,5	;RP0=0, select bank0
  4800     0DB3  1303               	bcf	3,6	;RP1=0, select bank0
  4801     0DB4  0828               	movf	?___lldiv,w
  4802     0DB5  3EFF               	addlw	255
  4803     0DB6  1683               	bsf	3,5	;RP0=1, select bank1
  4804     0DB7  1303               	bcf	3,6	;RP1=0, select bank1
  4805     0DB8  0099               	movwf	25	;volatile
  4806     0DB9                     l2491:
  4807                           
  4808                           ;hal/hal_uart/hal_uart.c: 12:     TXSTAbits.BRGH = 1;
  4809     0DB9  1518               	bsf	24,2	;volatile
  4810     0DBA                     l2493:
  4811                           
  4812                           ;hal/hal_uart/hal_uart.c: 13:     TXSTAbits.SYNC = 0;
  4813     0DBA  1218               	bcf	24,4	;volatile
  4814     0DBB                     l2495:
  4815                           
  4816                           ;hal/hal_uart/hal_uart.c: 14:     RCSTAbits.SPEN = 1;
  4817     0DBB  1283               	bcf	3,5	;RP0=0, select bank0
  4818     0DBC  1303               	bcf	3,6	;RP1=0, select bank0
  4819     0DBD  1798               	bsf	24,7	;volatile
  4820     0DBE                     l2497:
  4821                           
  4822                           ;hal/hal_uart/hal_uart.c: 16:     TXSTAbits.TXEN = 1;
  4823     0DBE  1683               	bsf	3,5	;RP0=1, select bank1
  4824     0DBF  1303               	bcf	3,6	;RP1=0, select bank1
  4825     0DC0  1698               	bsf	24,5	;volatile
  4826     0DC1                     l2499:
  4827                           
  4828                           ;hal/hal_uart/hal_uart.c: 17:     RCSTAbits.CREN = 1;
  4829     0DC1  1283               	bcf	3,5	;RP0=0, select bank0
  4830     0DC2  1303               	bcf	3,6	;RP1=0, select bank0
  4831     0DC3  1618               	bsf	24,4	;volatile
  4832     0DC4                     l2501:
  4833                           
  4834                           ;hal/hal_uart/hal_uart.c: 19:     TXSTAbits.TX9 = 0;
  4835     0DC4  1683               	bsf	3,5	;RP0=1, select bank1
  4836     0DC5  1303               	bcf	3,6	;RP1=0, select bank1
  4837     0DC6  1318               	bcf	24,6	;volatile
  4838     0DC7                     l2503:
  4839                           
  4840                           ;hal/hal_uart/hal_uart.c: 20:     RCSTAbits.RX9 = 0;
  4841     0DC7  1283               	bcf	3,5	;RP0=0, select bank0
  4842     0DC8  1303               	bcf	3,6	;RP1=0, select bank0
  4843     0DC9  1318               	bcf	24,6	;volatile
  4844     0DCA                     l175:
  4845     0DCA  0008               	return
  4846     0DCB                     __end_of_HAL_UART_Init:
  4847                           
  4848                           	psect	text14
  4849     0F95                     __ptext14:	
  4850 ;; *************** function _HAL_PWM_SetDuty *****************
  4851 ;; Defined at:
  4852 ;;		line 21 in file "hal/hal_pwm/hal_pwm.c"
  4853 ;; Parameters:    Size  Location     Type
  4854 ;;  duty            2   21[BANK0 ] unsigned short 
  4855 ;; Auto vars:     Size  Location     Type
  4856 ;;  mapped_duty     4   27[BANK0 ] unsigned long 
  4857 ;; Return value:  Size  Location     Type
  4858 ;;                  1    wreg      void 
  4859 ;; Registers used:
  4860 ;;		wreg, status,2, status,0, pclath, cstack
  4861 ;; Tracked objects:
  4862 ;;		On entry : 0/0
  4863 ;;		On exit  : 0/0
  4864 ;;		Unchanged: 0/0
  4865 ;; Data sizes:     COMMON   BANK0   BANK1   BANK3   BANK2
  4866 ;;      Params:         0       2       0       0       0
  4867 ;;      Locals:         0       4       0       0       0
  4868 ;;      Temps:          0       4       0       0       0
  4869 ;;      Totals:         0      10       0       0       0
  4870 ;;Total ram usage:       10 bytes
  4871 ;; Hardware stack levels used: 1
  4872 ;; Hardware stack levels required when called: 3
  4873 ;; This function calls:
  4874 ;;		___lldiv
  4875 ;;		___lmul
  4876 ;; This function is called by:
  4877 ;;		_main
  4878 ;;		_Motor_Ramp
  4879 ;; This function uses a non-reentrant model
  4880 ;;
  4881                           
  4882     0F95                     _HAL_PWM_SetDuty:	
  4883                           ;psect for function _HAL_PWM_SetDuty
  4884                           
  4885     0F95                     l2475:	
  4886                           ;incstack = 0
  4887                           ; Regs used in _HAL_PWM_SetDuty: [wreg+status,2+status,0+pclath+cstack]
  4888                           
  4889                           
  4890                           ;hal/hal_pwm/hal_pwm.c: 22:     if (duty > 1023) { duty = 1023; }
  4891     0F95  3004               	movlw	4
  4892     0F96  1283               	bcf	3,5	;RP0=0, select bank0
  4893     0F97  1303               	bcf	3,6	;RP1=0, select bank0
  4894     0F98  0236               	subwf	HAL_PWM_SetDuty@duty+1,w
  4895     0F99  3000               	movlw	0
  4896     0F9A  1903               	skipnz
  4897     0F9B  0235               	subwf	HAL_PWM_SetDuty@duty,w
  4898     0F9C  1C03               	skipc
  4899     0F9D  2F9F               	goto	u3751
  4900     0F9E  2FA0               	goto	u3750
  4901     0F9F                     u3751:
  4902     0F9F  2FA4               	goto	l2479
  4903     0FA0                     u3750:
  4904     0FA0                     l2477:
  4905     0FA0  30FF               	movlw	255
  4906     0FA1  00B5               	movwf	HAL_PWM_SetDuty@duty
  4907     0FA2  3003               	movlw	3
  4908     0FA3  00B6               	movwf	HAL_PWM_SetDuty@duty+1
  4909     0FA4                     l2479:
  4910                           
  4911                           ;hal/hal_pwm/hal_pwm.c: 25:     uint32_t mapped_duty = ((uint32_t)duty * 1000) / 1023;
  4912     0FA4  3000               	movlw	0
  4913     0FA5  00AB               	movwf	___lldiv@divisor+3
  4914     0FA6  3000               	movlw	0
  4915     0FA7  00AA               	movwf	___lldiv@divisor+2
  4916     0FA8  3003               	movlw	3
  4917     0FA9  00A9               	movwf	___lldiv@divisor+1
  4918     0FAA  30FF               	movlw	255
  4919     0FAB  00A8               	movwf	___lldiv@divisor
  4920     0FAC  0835               	movf	HAL_PWM_SetDuty@duty,w
  4921     0FAD  00A0               	movwf	___lmul@multiplier
  4922     0FAE  0836               	movf	HAL_PWM_SetDuty@duty+1,w
  4923     0FAF  00A1               	movwf	___lmul@multiplier+1
  4924     0FB0  01A2               	clrf	___lmul@multiplier+2
  4925     0FB1  01A3               	clrf	___lmul@multiplier+3
  4926     0FB2  3000               	movlw	0
  4927     0FB3  00A7               	movwf	___lmul@multiplicand+3
  4928     0FB4  3000               	movlw	0
  4929     0FB5  00A6               	movwf	___lmul@multiplicand+2
  4930     0FB6  3003               	movlw	3
  4931     0FB7  00A5               	movwf	___lmul@multiplicand+1
  4932     0FB8  30E8               	movlw	232
  4933     0FB9  00A4               	movwf	___lmul@multiplicand
  4934     0FBA  120A  158A  2680  120A  158A  	fcall	___lmul
  4935     0FBF  1283               	bcf	3,5	;RP0=0, select bank0
  4936     0FC0  1303               	bcf	3,6	;RP1=0, select bank0
  4937     0FC1  0823               	movf	?___lmul+3,w
  4938     0FC2  00AF               	movwf	___lldiv@dividend+3
  4939     0FC3  0822               	movf	?___lmul+2,w
  4940     0FC4  00AE               	movwf	___lldiv@dividend+2
  4941     0FC5  0821               	movf	?___lmul+1,w
  4942     0FC6  00AD               	movwf	___lldiv@dividend+1
  4943     0FC7  0820               	movf	?___lmul,w
  4944     0FC8  00AC               	movwf	___lldiv@dividend
  4945     0FC9  120A  158A  26C8  120A  158A  	fcall	___lldiv
  4946     0FCE  1283               	bcf	3,5	;RP0=0, select bank0
  4947     0FCF  1303               	bcf	3,6	;RP1=0, select bank0
  4948     0FD0  082B               	movf	?___lldiv+3,w
  4949     0FD1  00BE               	movwf	HAL_PWM_SetDuty@mapped_duty+3
  4950     0FD2  082A               	movf	?___lldiv+2,w
  4951     0FD3  00BD               	movwf	HAL_PWM_SetDuty@mapped_duty+2
  4952     0FD4  0829               	movf	?___lldiv+1,w
  4953     0FD5  00BC               	movwf	HAL_PWM_SetDuty@mapped_duty+1
  4954     0FD6  0828               	movf	?___lldiv,w
  4955     0FD7  00BB               	movwf	HAL_PWM_SetDuty@mapped_duty
  4956     0FD8                     l2481:
  4957                           
  4958                           ;hal/hal_pwm/hal_pwm.c: 27:     CCP1CONbits.DC1B1 = (mapped_duty & 2) ? 1 : 0;
  4959     0FD8  18BB               	btfsc	HAL_PWM_SetDuty@mapped_duty,1
  4960     0FD9  2FDB               	goto	u3761
  4961     0FDA  2FDF               	goto	u3760
  4962     0FDB                     u3761:
  4963     0FDB  1283               	bcf	3,5	;RP0=0, select bank0
  4964     0FDC  1303               	bcf	3,6	;RP1=0, select bank0
  4965     0FDD  1697               	bsf	23,5	;volatile
  4966     0FDE  2FE2               	goto	u3774
  4967     0FDF                     u3760:
  4968     0FDF  1283               	bcf	3,5	;RP0=0, select bank0
  4969     0FE0  1303               	bcf	3,6	;RP1=0, select bank0
  4970     0FE1  1297               	bcf	23,5	;volatile
  4971     0FE2                     u3774:
  4972     0FE2                     l2483:
  4973                           
  4974                           ;hal/hal_pwm/hal_pwm.c: 28:     CCP1CONbits.DC1B0 = (mapped_duty & 1) ? 1 : 0;
  4975     0FE2  183B               	btfsc	HAL_PWM_SetDuty@mapped_duty,0
  4976     0FE3  2FE5               	goto	u3781
  4977     0FE4  2FE9               	goto	u3780
  4978     0FE5                     u3781:
  4979     0FE5  1283               	bcf	3,5	;RP0=0, select bank0
  4980     0FE6  1303               	bcf	3,6	;RP1=0, select bank0
  4981     0FE7  1617               	bsf	23,4	;volatile
  4982     0FE8  2FEC               	goto	u3794
  4983     0FE9                     u3780:
  4984     0FE9  1283               	bcf	3,5	;RP0=0, select bank0
  4985     0FEA  1303               	bcf	3,6	;RP1=0, select bank0
  4986     0FEB  1217               	bcf	23,4	;volatile
  4987     0FEC                     u3794:
  4988     0FEC                     l2485:
  4989                           
  4990                           ;hal/hal_pwm/hal_pwm.c: 29:     CCPR1L = (uint8_t)(mapped_duty >> 2);
  4991     0FEC  083B               	movf	HAL_PWM_SetDuty@mapped_duty,w
  4992     0FED  00B7               	movwf	??_HAL_PWM_SetDuty
  4993     0FEE  083C               	movf	HAL_PWM_SetDuty@mapped_duty+1,w
  4994     0FEF  00B8               	movwf	??_HAL_PWM_SetDuty+1
  4995     0FF0  083D               	movf	HAL_PWM_SetDuty@mapped_duty+2,w
  4996     0FF1  00B9               	movwf	??_HAL_PWM_SetDuty+2
  4997     0FF2  083E               	movf	HAL_PWM_SetDuty@mapped_duty+3,w
  4998     0FF3  00BA               	movwf	??_HAL_PWM_SetDuty+3
  4999     0FF4  3002               	movlw	2
  5000     0FF5                     u3805:
  5001     0FF5  1003               	clrc
  5002     0FF6  0CBA               	rrf	??_HAL_PWM_SetDuty+3,f
  5003     0FF7  0CB9               	rrf	??_HAL_PWM_SetDuty+2,f
  5004     0FF8  0CB8               	rrf	??_HAL_PWM_SetDuty+1,f
  5005     0FF9  0CB7               	rrf	??_HAL_PWM_SetDuty,f
  5006     0FFA                     u3800:
  5007     0FFA  3EFF               	addlw	-1
  5008     0FFB  1D03               	skipz
  5009     0FFC  2FF5               	goto	u3805
  5010     0FFD  0837               	movf	??_HAL_PWM_SetDuty,w
  5011     0FFE  0095               	movwf	21	;volatile
  5012     0FFF                     l120:
  5013     0FFF  0008               	return
  5014     1000                     __end_of_HAL_PWM_SetDuty:
  5015                           
  5016                           	psect	text15
  5017     0E80                     __ptext15:	
  5018 ;; *************** function ___lmul *****************
  5019 ;; Defined at:
  5020 ;;		line 15 in file "C:\Program Files\Microchip\xc8\v3.10\pic\sources\c99\common\Umul32.c"
  5021 ;; Parameters:    Size  Location     Type
  5022 ;;  multiplier      4    0[BANK0 ] unsigned long 
  5023 ;;  multiplicand    4    4[BANK0 ] unsigned long 
  5024 ;; Auto vars:     Size  Location     Type
  5025 ;;  product         4    4[COMMON] unsigned long 
  5026 ;; Return value:  Size  Location     Type
  5027 ;;                  4    0[BANK0 ] unsigned long 
  5028 ;; Registers used:
  5029 ;;		wreg, status,2, status,0
  5030 ;; Tracked objects:
  5031 ;;		On entry : 0/0
  5032 ;;		On exit  : 0/0
  5033 ;;		Unchanged: 0/0
  5034 ;; Data sizes:     COMMON   BANK0   BANK1   BANK3   BANK2
  5035 ;;      Params:         0       8       0       0       0
  5036 ;;      Locals:         4       0       0       0       0
  5037 ;;      Temps:          1       0       0       0       0
  5038 ;;      Totals:         5       8       0       0       0
  5039 ;;Total ram usage:       13 bytes
  5040 ;; Hardware stack levels used: 1
  5041 ;; Hardware stack levels required when called: 2
  5042 ;; This function calls:
  5043 ;;		Nothing
  5044 ;; This function is called by:
  5045 ;;		_HAL_PWM_SetDuty
  5046 ;;		_HAL_PWM_SetDuty_CCP2
  5047 ;; This function uses a non-reentrant model
  5048 ;;
  5049                           
  5050     0E80                     ___lmul:	
  5051                           ;psect for function ___lmul
  5052                           
  5053     0E80                     l2437:	
  5054                           ;incstack = 0
  5055                           ; Regs used in ___lmul: [wreg+status,2+status,0]
  5056                           
  5057     0E80  3000               	movlw	0
  5058     0E81  00F7               	movwf	___lmul@product+3
  5059     0E82  3000               	movlw	0
  5060     0E83  00F6               	movwf	___lmul@product+2
  5061     0E84  3000               	movlw	0
  5062     0E85  00F5               	movwf	___lmul@product+1
  5063     0E86  3000               	movlw	0
  5064     0E87  00F4               	movwf	___lmul@product
  5065     0E88                     l2439:
  5066     0E88  1283               	bcf	3,5	;RP0=0, select bank0
  5067     0E89  1303               	bcf	3,6	;RP1=0, select bank0
  5068     0E8A  1C20               	btfss	___lmul@multiplier,0
  5069     0E8B  2E8D               	goto	u3631
  5070     0E8C  2E8E               	goto	u3630
  5071     0E8D                     u3631:
  5072     0E8D  2EA5               	goto	l2443
  5073     0E8E                     u3630:
  5074     0E8E                     l2441:
  5075     0E8E  0824               	movf	___lmul@multiplicand,w
  5076     0E8F  07F4               	addwf	___lmul@product,f
  5077     0E90  0825               	movf	___lmul@multiplicand+1,w
  5078     0E91  1103               	clrz
  5079     0E92  1803               	skipnc
  5080     0E93  3E01               	addlw	1
  5081     0E94  1903               	skipnz
  5082     0E95  2E97               	goto	u3641
  5083     0E96  07F5               	addwf	___lmul@product+1,f
  5084     0E97                     u3641:
  5085     0E97  0826               	movf	___lmul@multiplicand+2,w
  5086     0E98  1103               	clrz
  5087     0E99  1803               	skipnc
  5088     0E9A  3E01               	addlw	1
  5089     0E9B  1903               	skipnz
  5090     0E9C  2E9E               	goto	u3642
  5091     0E9D  07F6               	addwf	___lmul@product+2,f
  5092     0E9E                     u3642:
  5093     0E9E  0827               	movf	___lmul@multiplicand+3,w
  5094     0E9F  1103               	clrz
  5095     0EA0  1803               	skipnc
  5096     0EA1  3E01               	addlw	1
  5097     0EA2  1903               	skipnz
  5098     0EA3  2EA5               	goto	u3643
  5099     0EA4  07F7               	addwf	___lmul@product+3,f
  5100     0EA5                     u3643:
  5101     0EA5                     l2443:
  5102     0EA5  3001               	movlw	1
  5103     0EA6  00F3               	movwf	??___lmul
  5104     0EA7                     u3655:
  5105     0EA7  1003               	clrc
  5106     0EA8  0DA4               	rlf	___lmul@multiplicand,f
  5107     0EA9  0DA5               	rlf	___lmul@multiplicand+1,f
  5108     0EAA  0DA6               	rlf	___lmul@multiplicand+2,f
  5109     0EAB  0DA7               	rlf	___lmul@multiplicand+3,f
  5110     0EAC  0BF3               	decfsz	??___lmul,f
  5111     0EAD  2EA7               	goto	u3655
  5112     0EAE                     l2445:
  5113     0EAE  3001               	movlw	1
  5114     0EAF                     u3665:
  5115     0EAF  1003               	clrc
  5116     0EB0  0CA3               	rrf	___lmul@multiplier+3,f
  5117     0EB1  0CA2               	rrf	___lmul@multiplier+2,f
  5118     0EB2  0CA1               	rrf	___lmul@multiplier+1,f
  5119     0EB3  0CA0               	rrf	___lmul@multiplier,f
  5120     0EB4  3EFF               	addlw	-1
  5121     0EB5  1D03               	skipz
  5122     0EB6  2EAF               	goto	u3665
  5123     0EB7  0823               	movf	___lmul@multiplier+3,w
  5124     0EB8  0422               	iorwf	___lmul@multiplier+2,w
  5125     0EB9  0421               	iorwf	___lmul@multiplier+1,w
  5126     0EBA  0420               	iorwf	___lmul@multiplier,w
  5127     0EBB  1D03               	skipz
  5128     0EBC  2EBE               	goto	u3671
  5129     0EBD  2EBF               	goto	u3670
  5130     0EBE                     u3671:
  5131     0EBE  2E88               	goto	l2439
  5132     0EBF                     u3670:
  5133     0EBF                     l2447:
  5134     0EBF  0877               	movf	___lmul@product+3,w
  5135     0EC0  00A3               	movwf	?___lmul+3
  5136     0EC1  0876               	movf	___lmul@product+2,w
  5137     0EC2  00A2               	movwf	?___lmul+2
  5138     0EC3  0875               	movf	___lmul@product+1,w
  5139     0EC4  00A1               	movwf	?___lmul+1
  5140     0EC5  0874               	movf	___lmul@product,w
  5141     0EC6  00A0               	movwf	?___lmul
  5142     0EC7                     l465:
  5143     0EC7  0008               	return
  5144     0EC8                     __end_of___lmul:
  5145                           
  5146                           	psect	text16
  5147     0EC8                     __ptext16:	
  5148 ;; *************** function ___lldiv *****************
  5149 ;; Defined at:
  5150 ;;		line 5 in file "C:\Program Files\Microchip\xc8\v3.10\pic\sources\c99\common\__lldiv.c"
  5151 ;; Parameters:    Size  Location     Type
  5152 ;;  divisor         4    8[BANK0 ] unsigned long 
  5153 ;;  dividend        4   12[BANK0 ] unsigned long 
  5154 ;; Auto vars:     Size  Location     Type
  5155 ;;  quotient        4   16[BANK0 ] unsigned long 
  5156 ;;  counter         1   20[BANK0 ] unsigned char 
  5157 ;; Return value:  Size  Location     Type
  5158 ;;                  4    8[BANK0 ] unsigned long 
  5159 ;; Registers used:
  5160 ;;		wreg, status,2, status,0
  5161 ;; Tracked objects:
  5162 ;;		On entry : 0/0
  5163 ;;		On exit  : 0/0
  5164 ;;		Unchanged: 0/0
  5165 ;; Data sizes:     COMMON   BANK0   BANK1   BANK3   BANK2
  5166 ;;      Params:         0       8       0       0       0
  5167 ;;      Locals:         0       5       0       0       0
  5168 ;;      Temps:          1       0       0       0       0
  5169 ;;      Totals:         1      13       0       0       0
  5170 ;;Total ram usage:       14 bytes
  5171 ;; Hardware stack levels used: 1
  5172 ;; Hardware stack levels required when called: 2
  5173 ;; This function calls:
  5174 ;;		Nothing
  5175 ;; This function is called by:
  5176 ;;		_HAL_PWM_SetDuty
  5177 ;;		_HAL_UART_Init
  5178 ;;		_HAL_PWM_SetDuty_CCP2
  5179 ;; This function uses a non-reentrant model
  5180 ;;
  5181                           
  5182     0EC8                     ___lldiv:	
  5183                           ;psect for function ___lldiv
  5184                           
  5185     0EC8                     l2451:	
  5186                           ;incstack = 0
  5187                           ; Regs used in ___lldiv: [wreg+status,2+status,0]
  5188                           
  5189     0EC8  3000               	movlw	0
  5190     0EC9  1283               	bcf	3,5	;RP0=0, select bank0
  5191     0ECA  1303               	bcf	3,6	;RP1=0, select bank0
  5192     0ECB  00B3               	movwf	___lldiv@quotient+3
  5193     0ECC  3000               	movlw	0
  5194     0ECD  00B2               	movwf	___lldiv@quotient+2
  5195     0ECE  3000               	movlw	0
  5196     0ECF  00B1               	movwf	___lldiv@quotient+1
  5197     0ED0  3000               	movlw	0
  5198     0ED1  00B0               	movwf	___lldiv@quotient
  5199     0ED2  082B               	movf	___lldiv@divisor+3,w
  5200     0ED3  042A               	iorwf	___lldiv@divisor+2,w
  5201     0ED4  0429               	iorwf	___lldiv@divisor+1,w
  5202     0ED5  0428               	iorwf	___lldiv@divisor,w
  5203     0ED6  1903               	skipnz
  5204     0ED7  2ED9               	goto	u3681
  5205     0ED8  2EDA               	goto	u3680
  5206     0ED9                     u3681:
  5207     0ED9  2F25               	goto	l2471
  5208     0EDA                     u3680:
  5209     0EDA                     l2453:
  5210     0EDA  3001               	movlw	1
  5211     0EDB  00B4               	movwf	___lldiv@counter
  5212     0EDC  2EE8               	goto	l2457
  5213     0EDD                     l2455:
  5214     0EDD  3001               	movlw	1
  5215     0EDE  00F8               	movwf	??___lldiv
  5216     0EDF                     u3695:
  5217     0EDF  1003               	clrc
  5218     0EE0  0DA8               	rlf	___lldiv@divisor,f
  5219     0EE1  0DA9               	rlf	___lldiv@divisor+1,f
  5220     0EE2  0DAA               	rlf	___lldiv@divisor+2,f
  5221     0EE3  0DAB               	rlf	___lldiv@divisor+3,f
  5222     0EE4  0BF8               	decfsz	??___lldiv,f
  5223     0EE5  2EDF               	goto	u3695
  5224     0EE6  3001               	movlw	1
  5225     0EE7  07B4               	addwf	___lldiv@counter,f
  5226     0EE8                     l2457:
  5227     0EE8  1FAB               	btfss	___lldiv@divisor+3,7
  5228     0EE9  2EEB               	goto	u3701
  5229     0EEA  2EEC               	goto	u3700
  5230     0EEB                     u3701:
  5231     0EEB  2EDD               	goto	l2455
  5232     0EEC                     u3700:
  5233     0EEC                     l2459:
  5234     0EEC  3001               	movlw	1
  5235     0EED  00F8               	movwf	??___lldiv
  5236     0EEE                     u3715:
  5237     0EEE  1003               	clrc
  5238     0EEF  0DB0               	rlf	___lldiv@quotient,f
  5239     0EF0  0DB1               	rlf	___lldiv@quotient+1,f
  5240     0EF1  0DB2               	rlf	___lldiv@quotient+2,f
  5241     0EF2  0DB3               	rlf	___lldiv@quotient+3,f
  5242     0EF3  0BF8               	decfsz	??___lldiv,f
  5243     0EF4  2EEE               	goto	u3715
  5244     0EF5                     l2461:
  5245     0EF5  082B               	movf	___lldiv@divisor+3,w
  5246     0EF6  022F               	subwf	___lldiv@dividend+3,w
  5247     0EF7  1D03               	skipz
  5248     0EF8  2F03               	goto	u3725
  5249     0EF9  082A               	movf	___lldiv@divisor+2,w
  5250     0EFA  022E               	subwf	___lldiv@dividend+2,w
  5251     0EFB  1D03               	skipz
  5252     0EFC  2F03               	goto	u3725
  5253     0EFD  0829               	movf	___lldiv@divisor+1,w
  5254     0EFE  022D               	subwf	___lldiv@dividend+1,w
  5255     0EFF  1D03               	skipz
  5256     0F00  2F03               	goto	u3725
  5257     0F01  0828               	movf	___lldiv@divisor,w
  5258     0F02  022C               	subwf	___lldiv@dividend,w
  5259     0F03                     u3725:
  5260     0F03  1C03               	skipc
  5261     0F04  2F06               	goto	u3721
  5262     0F05  2F07               	goto	u3720
  5263     0F06                     u3721:
  5264     0F06  2F16               	goto	l2467
  5265     0F07                     u3720:
  5266     0F07                     l2463:
  5267     0F07  0828               	movf	___lldiv@divisor,w
  5268     0F08  02AC               	subwf	___lldiv@dividend,f
  5269     0F09  0829               	movf	___lldiv@divisor+1,w
  5270     0F0A  1C03               	skipc
  5271     0F0B  0F29               	incfsz	___lldiv@divisor+1,w
  5272     0F0C  02AD               	subwf	___lldiv@dividend+1,f
  5273     0F0D  082A               	movf	___lldiv@divisor+2,w
  5274     0F0E  1C03               	skipc
  5275     0F0F  0F2A               	incfsz	___lldiv@divisor+2,w
  5276     0F10  02AE               	subwf	___lldiv@dividend+2,f
  5277     0F11  082B               	movf	___lldiv@divisor+3,w
  5278     0F12  1C03               	skipc
  5279     0F13  0F2B               	incfsz	___lldiv@divisor+3,w
  5280     0F14  02AF               	subwf	___lldiv@dividend+3,f
  5281     0F15                     l2465:
  5282     0F15  1430               	bsf	___lldiv@quotient,0
  5283     0F16                     l2467:
  5284     0F16  3001               	movlw	1
  5285     0F17                     u3735:
  5286     0F17  1003               	clrc
  5287     0F18  0CAB               	rrf	___lldiv@divisor+3,f
  5288     0F19  0CAA               	rrf	___lldiv@divisor+2,f
  5289     0F1A  0CA9               	rrf	___lldiv@divisor+1,f
  5290     0F1B  0CA8               	rrf	___lldiv@divisor,f
  5291     0F1C  3EFF               	addlw	-1
  5292     0F1D  1D03               	skipz
  5293     0F1E  2F17               	goto	u3735
  5294     0F1F                     l2469:
  5295     0F1F  3001               	movlw	1
  5296     0F20  02B4               	subwf	___lldiv@counter,f
  5297     0F21  1D03               	btfss	3,2
  5298     0F22  2F24               	goto	u3741
  5299     0F23  2F25               	goto	u3740
  5300     0F24                     u3741:
  5301     0F24  2EEC               	goto	l2459
  5302     0F25                     u3740:
  5303     0F25                     l2471:
  5304     0F25  0833               	movf	___lldiv@quotient+3,w
  5305     0F26  00AB               	movwf	?___lldiv+3
  5306     0F27  0832               	movf	___lldiv@quotient+2,w
  5307     0F28  00AA               	movwf	?___lldiv+2
  5308     0F29  0831               	movf	___lldiv@quotient+1,w
  5309     0F2A  00A9               	movwf	?___lldiv+1
  5310     0F2B  0830               	movf	___lldiv@quotient,w
  5311     0F2C  00A8               	movwf	?___lldiv
  5312     0F2D                     l487:
  5313     0F2D  0008               	return
  5314     0F2E                     __end_of___lldiv:
  5315                           
  5316                           	psect	text17
  5317     0CF0                     __ptext17:	
  5318 ;; *************** function _HAL_PWM_Init *****************
  5319 ;; Defined at:
  5320 ;;		line 8 in file "hal/hal_pwm/hal_pwm.c"
  5321 ;; Parameters:    Size  Location     Type
  5322 ;;		None
  5323 ;; Auto vars:     Size  Location     Type
  5324 ;;		None
  5325 ;; Return value:  Size  Location     Type
  5326 ;;                  1    wreg      void 
  5327 ;; Registers used:
  5328 ;;		None
  5329 ;; Tracked objects:
  5330 ;;		On entry : 0/0
  5331 ;;		On exit  : 0/0
  5332 ;;		Unchanged: 0/0
  5333 ;; Data sizes:     COMMON   BANK0   BANK1   BANK3   BANK2
  5334 ;;      Params:         0       0       0       0       0
  5335 ;;      Locals:         0       0       0       0       0
  5336 ;;      Temps:          0       0       0       0       0
  5337 ;;      Totals:         0       0       0       0       0
  5338 ;;Total ram usage:        0 bytes
  5339 ;; Hardware stack levels used: 1
  5340 ;; Hardware stack levels required when called: 2
  5341 ;; This function calls:
  5342 ;;		Nothing
  5343 ;; This function is called by:
  5344 ;;		_main
  5345 ;; This function uses a non-reentrant model
  5346 ;;
  5347                           
  5348     0CF0                     _HAL_PWM_Init:	
  5349                           ;psect for function _HAL_PWM_Init
  5350                           
  5351     0CF0                     l1913:	
  5352                           ;incstack = 0
  5353                           ; Regs used in _HAL_PWM_Init: []
  5354                           
  5355                           
  5356                           ;hal/hal_pwm/hal_pwm.c: 9:     PR2 = (20000000UL / (5000UL * 4 * 4)) - 1;
  5357     0CF0  30F9               	movlw	249
  5358     0CF1  1683               	bsf	3,5	;RP0=1, select bank1
  5359     0CF2  1303               	bcf	3,6	;RP1=0, select bank1
  5360     0CF3  0092               	movwf	18	;volatile
  5361                           
  5362                           ;hal/hal_pwm/hal_pwm.c: 11:     CCP1CONbits.CCP1M3 = 1;
  5363     0CF4  1283               	bcf	3,5	;RP0=0, select bank0
  5364     0CF5  1303               	bcf	3,6	;RP1=0, select bank0
  5365     0CF6  1597               	bsf	23,3	;volatile
  5366                           
  5367                           ;hal/hal_pwm/hal_pwm.c: 12:     CCP1CONbits.CCP1M2 = 1;
  5368     0CF7  1517               	bsf	23,2	;volatile
  5369                           
  5370                           ;hal/hal_pwm/hal_pwm.c: 14:     T2CONbits.T2CKPS1 = 0;
  5371     0CF8  1092               	bcf	18,1	;volatile
  5372                           
  5373                           ;hal/hal_pwm/hal_pwm.c: 15:     T2CONbits.T2CKPS0 = 1;
  5374     0CF9  1412               	bsf	18,0	;volatile
  5375                           
  5376                           ;hal/hal_pwm/hal_pwm.c: 17:     T2CONbits.TMR2ON = 1;
  5377     0CFA  1512               	bsf	18,2	;volatile
  5378                           
  5379                           ;hal/hal_pwm/hal_pwm.c: 18:     TRISCbits.TRISC2 = 0;
  5380     0CFB  1683               	bsf	3,5	;RP0=1, select bank1
  5381     0CFC  1303               	bcf	3,6	;RP1=0, select bank1
  5382     0CFD  1107               	bcf	7,2	;volatile
  5383     0CFE                     l116:
  5384     0CFE  0008               	return
  5385     0CFF                     __end_of_HAL_PWM_Init:
  5386                           
  5387                           	psect	text18
  5388     076F                     __ptext18:	
  5389 ;; *************** function _HAL_GPIO_ReadPin *****************
  5390 ;; Defined at:
  5391 ;;		line 78 in file "hal/hal_gpio/hal_gpio.c"
  5392 ;; Parameters:    Size  Location     Type
  5393 ;;  port            1    wreg     enum E2
  5394 ;;  pin             1    3[COMMON] enum E9
  5395 ;; Auto vars:     Size  Location     Type
  5396 ;;  port            1    6[COMMON] enum E2
  5397 ;;  bit_status      1    7[COMMON] _Bool 
  5398 ;; Return value:  Size  Location     Type
  5399 ;;                  1    wreg      enum E23
  5400 ;; Registers used:
  5401 ;;		wreg, fsr0l, fsr0h, status,2, status,0
  5402 ;; Tracked objects:
  5403 ;;		On entry : 0/0
  5404 ;;		On exit  : 0/0
  5405 ;;		Unchanged: 0/0
  5406 ;; Data sizes:     COMMON   BANK0   BANK1   BANK3   BANK2
  5407 ;;      Params:         1       0       0       0       0
  5408 ;;      Locals:         2       0       0       0       0
  5409 ;;      Temps:          2       0       0       0       0
  5410 ;;      Totals:         5       0       0       0       0
  5411 ;;Total ram usage:        5 bytes
  5412 ;; Hardware stack levels used: 1
  5413 ;; Hardware stack levels required when called: 2
  5414 ;; This function calls:
  5415 ;;		Nothing
  5416 ;; This function is called by:
  5417 ;;		_main
  5418 ;; This function uses a non-reentrant model
  5419 ;;
  5420                           
  5421     076F                     _HAL_GPIO_ReadPin:	
  5422                           ;psect for function _HAL_GPIO_ReadPin
  5423                           
  5424                           
  5425                           ;incstack = 0
  5426                           ; Regs used in _HAL_GPIO_ReadPin: [wreg-fsr0h+status,2+status,0]
  5427                           ;HAL_GPIO_ReadPin@port stored from wreg
  5428     076F  00F6               	movwf	HAL_GPIO_ReadPin@port
  5429     0770                     l1885:
  5430                           
  5431                           ;hal/hal_gpio/hal_gpio.c: 80:     switch (port) {
  5432     0770  2FDC               	goto	l1903
  5433     0771                     l1887:
  5434     0771  3001               	movlw	1
  5435     0772  00F4               	movwf	??_HAL_GPIO_ReadPin
  5436     0773  0A73               	incf	HAL_GPIO_ReadPin@pin,w
  5437     0774  2F77               	goto	u2504
  5438     0775                     u2505:
  5439     0775  1003               	clrc
  5440     0776  0DF4               	rlf	??_HAL_GPIO_ReadPin,f
  5441     0777                     u2504:
  5442     0777  3EFF               	addlw	-1
  5443     0778  1D03               	skipz
  5444     0779  2F75               	goto	u2505
  5445     077A  0874               	movf	??_HAL_GPIO_ReadPin,w
  5446     077B  1283               	bcf	3,5	;RP0=0, select bank0
  5447     077C  1303               	bcf	3,6	;RP1=0, select bank0
  5448     077D  0505               	andwf	5,w	;volatile
  5449     077E  1D03               	btfss	3,2
  5450     077F  2F81               	goto	u2511
  5451     0780  2F83               	goto	u2510
  5452     0781                     u2511:
  5453     0781  3001               	movlw	1
  5454     0782  2F84               	goto	u2520
  5455     0783                     u2510:
  5456     0783  3000               	movlw	0
  5457     0784                     u2520:
  5458     0784  00F7               	movwf	HAL_GPIO_ReadPin@bit_status
  5459     0785  2FF5               	goto	l1905
  5460     0786                     l1889:
  5461     0786  3001               	movlw	1
  5462     0787  00F4               	movwf	??_HAL_GPIO_ReadPin
  5463     0788  0A73               	incf	HAL_GPIO_ReadPin@pin,w
  5464     0789  2F8C               	goto	u2534
  5465     078A                     u2535:
  5466     078A  1003               	clrc
  5467     078B  0DF4               	rlf	??_HAL_GPIO_ReadPin,f
  5468     078C                     u2534:
  5469     078C  3EFF               	addlw	-1
  5470     078D  1D03               	skipz
  5471     078E  2F8A               	goto	u2535
  5472     078F  0874               	movf	??_HAL_GPIO_ReadPin,w
  5473     0790  1283               	bcf	3,5	;RP0=0, select bank0
  5474     0791  1303               	bcf	3,6	;RP1=0, select bank0
  5475     0792  0506               	andwf	6,w	;volatile
  5476     0793  1D03               	btfss	3,2
  5477     0794  2F96               	goto	u2541
  5478     0795  2F98               	goto	u2540
  5479     0796                     u2541:
  5480     0796  3001               	movlw	1
  5481     0797  2F99               	goto	u2550
  5482     0798                     u2540:
  5483     0798  3000               	movlw	0
  5484     0799                     u2550:
  5485     0799  00F7               	movwf	HAL_GPIO_ReadPin@bit_status
  5486     079A  2FF5               	goto	l1905
  5487     079B                     l1891:
  5488     079B  3001               	movlw	1
  5489     079C  00F4               	movwf	??_HAL_GPIO_ReadPin
  5490     079D  0A73               	incf	HAL_GPIO_ReadPin@pin,w
  5491     079E  2FA1               	goto	u2564
  5492     079F                     u2565:
  5493     079F  1003               	clrc
  5494     07A0  0DF4               	rlf	??_HAL_GPIO_ReadPin,f
  5495     07A1                     u2564:
  5496     07A1  3EFF               	addlw	-1
  5497     07A2  1D03               	skipz
  5498     07A3  2F9F               	goto	u2565
  5499     07A4  0874               	movf	??_HAL_GPIO_ReadPin,w
  5500     07A5  1283               	bcf	3,5	;RP0=0, select bank0
  5501     07A6  1303               	bcf	3,6	;RP1=0, select bank0
  5502     07A7  0507               	andwf	7,w	;volatile
  5503     07A8  1D03               	btfss	3,2
  5504     07A9  2FAB               	goto	u2571
  5505     07AA  2FAD               	goto	u2570
  5506     07AB                     u2571:
  5507     07AB  3001               	movlw	1
  5508     07AC  2FAE               	goto	u2580
  5509     07AD                     u2570:
  5510     07AD  3000               	movlw	0
  5511     07AE                     u2580:
  5512     07AE  00F7               	movwf	HAL_GPIO_ReadPin@bit_status
  5513     07AF  2FF5               	goto	l1905
  5514     07B0                     l1893:
  5515     07B0  3001               	movlw	1
  5516     07B1  00F4               	movwf	??_HAL_GPIO_ReadPin
  5517     07B2  0A73               	incf	HAL_GPIO_ReadPin@pin,w
  5518     07B3  2FB6               	goto	u2594
  5519     07B4                     u2595:
  5520     07B4  1003               	clrc
  5521     07B5  0DF4               	rlf	??_HAL_GPIO_ReadPin,f
  5522     07B6                     u2594:
  5523     07B6  3EFF               	addlw	-1
  5524     07B7  1D03               	skipz
  5525     07B8  2FB4               	goto	u2595
  5526     07B9  0874               	movf	??_HAL_GPIO_ReadPin,w
  5527     07BA  1283               	bcf	3,5	;RP0=0, select bank0
  5528     07BB  1303               	bcf	3,6	;RP1=0, select bank0
  5529     07BC  0508               	andwf	8,w	;volatile
  5530     07BD  1D03               	btfss	3,2
  5531     07BE  2FC0               	goto	u2601
  5532     07BF  2FC2               	goto	u2600
  5533     07C0                     u2601:
  5534     07C0  3001               	movlw	1
  5535     07C1  2FC3               	goto	u2610
  5536     07C2                     u2600:
  5537     07C2  3000               	movlw	0
  5538     07C3                     u2610:
  5539     07C3  00F7               	movwf	HAL_GPIO_ReadPin@bit_status
  5540     07C4  2FF5               	goto	l1905
  5541     07C5                     l1895:
  5542     07C5  3001               	movlw	1
  5543     07C6  00F4               	movwf	??_HAL_GPIO_ReadPin
  5544     07C7  0A73               	incf	HAL_GPIO_ReadPin@pin,w
  5545     07C8  2FCB               	goto	u2624
  5546     07C9                     u2625:
  5547     07C9  1003               	clrc
  5548     07CA  0DF4               	rlf	??_HAL_GPIO_ReadPin,f
  5549     07CB                     u2624:
  5550     07CB  3EFF               	addlw	-1
  5551     07CC  1D03               	skipz
  5552     07CD  2FC9               	goto	u2625
  5553     07CE  0874               	movf	??_HAL_GPIO_ReadPin,w
  5554     07CF  1283               	bcf	3,5	;RP0=0, select bank0
  5555     07D0  1303               	bcf	3,6	;RP1=0, select bank0
  5556     07D1  0509               	andwf	9,w	;volatile
  5557     07D2  1D03               	btfss	3,2
  5558     07D3  2FD5               	goto	u2631
  5559     07D4  2FD7               	goto	u2630
  5560     07D5                     u2631:
  5561     07D5  3001               	movlw	1
  5562     07D6  2FD8               	goto	u2640
  5563     07D7                     u2630:
  5564     07D7  3000               	movlw	0
  5565     07D8                     u2640:
  5566     07D8  00F7               	movwf	HAL_GPIO_ReadPin@bit_status
  5567     07D9  2FF5               	goto	l1905
  5568     07DA                     l1897:
  5569     07DA  3000               	movlw	0
  5570     07DB  2FFC               	goto	l99
  5571     07DC                     l1903:
  5572     07DC  0876               	movf	HAL_GPIO_ReadPin@port,w
  5573     07DD  00F4               	movwf	??_HAL_GPIO_ReadPin
  5574     07DE  01F5               	clrf	??_HAL_GPIO_ReadPin+1
  5575                           
  5576                           ; Switch on 2 bytes has been partitioned into a top level switch of size 1, and 1 sub-sw
      +                          itches
  5577                           ; Switch size 1, requested type "simple"
  5578                           ; Number of cases is 1, Range of values is 0 to 0
  5579                           ; switch strategies available:
  5580                           ; Name         Instructions Cycles
  5581                           ; simple_byte            4     3 (average)
  5582                           ; direct_byte           11     8 (fixed)
  5583                           ; jumptable            260     6 (fixed)
  5584                           ;	Chosen strategy is simple_byte
  5585     07DF  0875               	movf	??_HAL_GPIO_ReadPin+1,w
  5586     07E0  3A00               	xorlw	0	; case 0
  5587     07E1  1903               	skipnz
  5588     07E2  2FE4               	goto	l2855
  5589     07E3  2FDA               	goto	l1897
  5590     07E4                     l2855:
  5591                           
  5592                           ; Switch size 1, requested type "simple"
  5593                           ; Number of cases is 5, Range of values is 0 to 4
  5594                           ; switch strategies available:
  5595                           ; Name         Instructions Cycles
  5596                           ; simple_byte           16     9 (average)
  5597                           ; direct_byte           23     8 (fixed)
  5598                           ; jumptable            260     6 (fixed)
  5599                           ;	Chosen strategy is simple_byte
  5600     07E4  0874               	movf	??_HAL_GPIO_ReadPin,w
  5601     07E5  3A00               	xorlw	0	; case 0
  5602     07E6  1903               	skipnz
  5603     07E7  2F71               	goto	l1887
  5604     07E8  3A01               	xorlw	1	; case 1
  5605     07E9  1903               	skipnz
  5606     07EA  2F86               	goto	l1889
  5607     07EB  3A03               	xorlw	3	; case 2
  5608     07EC  1903               	skipnz
  5609     07ED  2F9B               	goto	l1891
  5610     07EE  3A01               	xorlw	1	; case 3
  5611     07EF  1903               	skipnz
  5612     07F0  2FB0               	goto	l1893
  5613     07F1  3A07               	xorlw	7	; case 4
  5614     07F2  1903               	skipnz
  5615     07F3  2FC5               	goto	l1895
  5616     07F4  2FDA               	goto	l1897
  5617     07F5                     l1905:
  5618                           
  5619                           ;hal/hal_gpio/hal_gpio.c: 88:     return bit_status ? GPIO_HIGH : GPIO_LOW;
  5620     07F5  0877               	movf	HAL_GPIO_ReadPin@bit_status,w
  5621     07F6  1D03               	btfss	3,2
  5622     07F7  2FF9               	goto	u2651
  5623     07F8  2FFB               	goto	u2650
  5624     07F9                     u2651:
  5625     07F9  3001               	movlw	1
  5626     07FA  2FFC               	goto	u2660
  5627     07FB                     u2650:
  5628     07FB  3000               	movlw	0
  5629     07FC                     u2660:
  5630     07FC                     l99:
  5631     07FC  0008               	return
  5632     07FD                     __end_of_HAL_GPIO_ReadPin:
  5633                           
  5634                           	psect	text19
  5635     0D6C                     __ptext19:	
  5636 ;; *************** function _HAL_ADC_Read *****************
  5637 ;; Defined at:
  5638 ;;		line 11 in file "hal/hal_adc/hal_adc.c"
  5639 ;; Parameters:    Size  Location     Type
  5640 ;;  channel         1    wreg     unsigned char 
  5641 ;; Auto vars:     Size  Location     Type
  5642 ;;  channel         1    6[COMMON] unsigned char 
  5643 ;; Return value:  Size  Location     Type
  5644 ;;                  2    3[COMMON] unsigned short 
  5645 ;; Registers used:
  5646 ;;		wreg, status,2, status,0
  5647 ;; Tracked objects:
  5648 ;;		On entry : 0/0
  5649 ;;		On exit  : 0/0
  5650 ;;		Unchanged: 0/0
  5651 ;; Data sizes:     COMMON   BANK0   BANK1   BANK3   BANK2
  5652 ;;      Params:         2       0       0       0       0
  5653 ;;      Locals:         1       0       0       0       0
  5654 ;;      Temps:          1       0       0       0       0
  5655 ;;      Totals:         4       0       0       0       0
  5656 ;;Total ram usage:        4 bytes
  5657 ;; Hardware stack levels used: 1
  5658 ;; Hardware stack levels required when called: 2
  5659 ;; This function calls:
  5660 ;;		Nothing
  5661 ;; This function is called by:
  5662 ;;		_main
  5663 ;; This function uses a non-reentrant model
  5664 ;;
  5665                           
  5666     0D6C                     _HAL_ADC_Read:	
  5667                           ;psect for function _HAL_ADC_Read
  5668                           
  5669                           
  5670                           ;incstack = 0
  5671                           ; Regs used in _HAL_ADC_Read: [wreg+status,2+status,0]
  5672                           ;HAL_ADC_Read@channel stored from wreg
  5673     0D6C  00F6               	movwf	HAL_ADC_Read@channel
  5674     0D6D                     l2041:
  5675                           
  5676                           ;hal/hal_adc/hal_adc.c: 12:     if (channel > 13) return 0;
  5677     0D6D  300E               	movlw	14
  5678     0D6E  0276               	subwf	HAL_ADC_Read@channel,w
  5679     0D6F  1C03               	skipc
  5680     0D70  2D72               	goto	u2791
  5681     0D71  2D73               	goto	u2790
  5682     0D72                     u2791:
  5683     0D72  2D76               	goto	l2047
  5684     0D73                     u2790:
  5685     0D73                     l2043:
  5686     0D73  01F3               	clrf	?_HAL_ADC_Read
  5687     0D74  01F4               	clrf	?_HAL_ADC_Read+1
  5688     0D75  2D96               	goto	l219
  5689     0D76                     l2047:
  5690                           
  5691                           ;hal/hal_adc/hal_adc.c: 14:     ADCON0 &= 0b11000011;
  5692     0D76  30C3               	movlw	195
  5693     0D77  1283               	bcf	3,5	;RP0=0, select bank0
  5694     0D78  1303               	bcf	3,6	;RP1=0, select bank0
  5695     0D79  059F               	andwf	31,f	;volatile
  5696                           
  5697                           ;hal/hal_adc/hal_adc.c: 15:     ADCON0 |= (channel << 2);
  5698     0D7A  0876               	movf	HAL_ADC_Read@channel,w	;volatile
  5699     0D7B  00F5               	movwf	??_HAL_ADC_Read
  5700     0D7C  3001               	movlw	1
  5701     0D7D                     u2805:
  5702     0D7D  1003               	clrc
  5703     0D7E  0DF5               	rlf	??_HAL_ADC_Read,f
  5704     0D7F  3EFF               	addlw	-1
  5705     0D80  1D03               	skipz
  5706     0D81  2D7D               	goto	u2805
  5707     0D82  1003               	clrc
  5708     0D83  0D75               	rlf	??_HAL_ADC_Read,w
  5709     0D84  049F               	iorwf	31,f	;volatile
  5710     0D85                     l2049:
  5711                           
  5712                           ;hal/hal_adc/hal_adc.c: 17:     _delay((unsigned long)((20)*(20000000UL/4000000.0)));
  5713     0D85  3021               	movlw	33
  5714     0D86  00F5               	movwf	??_HAL_ADC_Read
  5715     0D87                     u4537:
  5716     0D87  0BF5               	decfsz	??_HAL_ADC_Read,f
  5717     0D88  2D87               	goto	u4537
  5718     0D89                     l2051:
  5719                           
  5720                           ;hal/hal_adc/hal_adc.c: 18:     ADCON0bits.GO_nDONE = 1;
  5721     0D89  1283               	bcf	3,5	;RP0=0, select bank0
  5722     0D8A  1303               	bcf	3,6	;RP1=0, select bank0
  5723     0D8B  149F               	bsf	31,1	;volatile
  5724     0D8C                     l220:	
  5725                           ;hal/hal_adc/hal_adc.c: 20:     while (ADCON0bits.GO_nDONE);
  5726                           
  5727     0D8C  189F               	btfsc	31,1	;volatile
  5728     0D8D  2D8F               	goto	u2811
  5729     0D8E  2D90               	goto	u2810
  5730     0D8F                     u2811:
  5731     0D8F  2D8C               	goto	l220
  5732     0D90                     u2810:
  5733     0D90                     l2053:
  5734                           
  5735                           ;hal/hal_adc/hal_adc.c: 21:     return (((uint16_t)ADRESH << 8) + ADRESL);
  5736     0D90  081E               	movf	30,w	;volatile
  5737     0D91  00F4               	movwf	?_HAL_ADC_Read+1
  5738     0D92  1683               	bsf	3,5	;RP0=1, select bank1
  5739     0D93  1303               	bcf	3,6	;RP1=0, select bank1
  5740     0D94  081E               	movf	30,w	;volatile
  5741     0D95  00F3               	movwf	?_HAL_ADC_Read
  5742     0D96                     l219:
  5743     0D96  0008               	return
  5744     0D97                     __end_of_HAL_ADC_Read:
  5745                           
  5746                           	psect	text20
  5747     0CB9                     __ptext20:	
  5748 ;; *************** function _HAL_ADC_Init *****************
  5749 ;; Defined at:
  5750 ;;		line 6 in file "hal/hal_adc/hal_adc.c"
  5751 ;; Parameters:    Size  Location     Type
  5752 ;;		None
  5753 ;; Auto vars:     Size  Location     Type
  5754 ;;		None
  5755 ;; Return value:  Size  Location     Type
  5756 ;;                  1    wreg      void 
  5757 ;; Registers used:
  5758 ;;		None
  5759 ;; Tracked objects:
  5760 ;;		On entry : 0/0
  5761 ;;		On exit  : 0/0
  5762 ;;		Unchanged: 0/0
  5763 ;; Data sizes:     COMMON   BANK0   BANK1   BANK3   BANK2
  5764 ;;      Params:         0       0       0       0       0
  5765 ;;      Locals:         0       0       0       0       0
  5766 ;;      Temps:          0       0       0       0       0
  5767 ;;      Totals:         0       0       0       0       0
  5768 ;;Total ram usage:        0 bytes
  5769 ;; Hardware stack levels used: 1
  5770 ;; Hardware stack levels required when called: 2
  5771 ;; This function calls:
  5772 ;;		Nothing
  5773 ;; This function is called by:
  5774 ;;		_main
  5775 ;; This function uses a non-reentrant model
  5776 ;;
  5777                           
  5778     0CB9                     _HAL_ADC_Init:	
  5779                           ;psect for function _HAL_ADC_Init
  5780                           
  5781     0CB9                     l2039:	
  5782                           ;incstack = 0
  5783                           ; Regs used in _HAL_ADC_Init: []
  5784                           
  5785                           
  5786                           ;hal/hal_adc/hal_adc.c: 7:     ADCON0 = 0b10000001;
  5787     0CB9  3081               	movlw	129
  5788     0CBA  1283               	bcf	3,5	;RP0=0, select bank0
  5789     0CBB  1303               	bcf	3,6	;RP1=0, select bank0
  5790     0CBC  009F               	movwf	31	;volatile
  5791                           
  5792                           ;hal/hal_adc/hal_adc.c: 8:     ADCON1 = 0b10000000;
  5793     0CBD  3080               	movlw	128
  5794     0CBE  1683               	bsf	3,5	;RP0=1, select bank1
  5795     0CBF  1303               	bcf	3,6	;RP1=0, select bank1
  5796     0CC0  009F               	movwf	31	;volatile
  5797     0CC1                     l215:
  5798     0CC1  0008               	return
  5799     0CC2                     __end_of_HAL_ADC_Init:
  5800                           
  5801                           	psect	text21
  5802     0DCB                     __ptext21:	
  5803 ;; *************** function _ISR *****************
  5804 ;; Defined at:
  5805 ;;		line 29 in file "bai2.c"
  5806 ;; Parameters:    Size  Location     Type
  5807 ;;		None
  5808 ;; Auto vars:     Size  Location     Type
  5809 ;;  temp_rx         1    2[COMMON] unsigned char 
  5810 ;; Return value:  Size  Location     Type
  5811 ;;                  1    wreg      void 
  5812 ;; Registers used:
  5813 ;;		wreg, status,2, status,0, pclath, cstack
  5814 ;; Tracked objects:
  5815 ;;		On entry : 0/0
  5816 ;;		On exit  : 0/0
  5817 ;;		Unchanged: 0/0
  5818 ;; Data sizes:     COMMON   BANK0   BANK1   BANK3   BANK2
  5819 ;;      Params:         0       0       0       0       0
  5820 ;;      Locals:         1       0       0       0       0
  5821 ;;      Temps:          2       0       0       0       0
  5822 ;;      Totals:         3       0       0       0       0
  5823 ;;Total ram usage:        3 bytes
  5824 ;; Hardware stack levels used: 1
  5825 ;; Hardware stack levels required when called: 1
  5826 ;; This function calls:
  5827 ;;		_HAL_UART_ReadChar
  5828 ;;		_SysTick_Update
  5829 ;; This function is called by:
  5830 ;;		Interrupt level 1
  5831 ;; This function uses a non-reentrant model
  5832 ;;
  5833                           
  5834     0DCB                     _ISR:	
  5835                           ;psect for function _ISR
  5836                           
  5837     0DCB                     i1l2109:
  5838                           
  5839                           ;bai2.c: 31:     INTCONbits.GIE = 1;
  5840     0DCB  1E8B               	btfss	11,5	;volatile
  5841     0DCC  2DCE               	goto	u296_21
  5842     0DCD  2DCF               	goto	u296_20
  5843     0DCE                     u296_21:
  5844     0DCE  2DD9               	goto	i1l2117
  5845     0DCF                     u296_20:
  5846     0DCF                     i1l2111:
  5847     0DCF  1D0B               	btfss	11,2	;volatile
  5848     0DD0  2DD2               	goto	u297_21
  5849     0DD1  2DD3               	goto	u297_20
  5850     0DD2                     u297_21:
  5851     0DD2  2DD9               	goto	i1l2117
  5852     0DD3                     u297_20:
  5853     0DD3                     i1l2113:
  5854                           
  5855                           ;bai2.c: 32: 
  5856     0DD3  120A  158A  250F  120A  158A  	fcall	_SysTick_Update
  5857     0DD8                     i1l2115:
  5858                           
  5859                           ;bai2.c: 33:     uint8_t lock_state = 0;
  5860     0DD8  110B               	bcf	11,2	;volatile
  5861     0DD9                     i1l2117:
  5862                           
  5863                           ;bai2.c: 36: 
  5864     0DD9  1683               	bsf	3,5	;RP0=1, select bank1
  5865     0DDA  1303               	bcf	3,6	;RP1=0, select bank1
  5866     0DDB  1E8C               	btfss	12,5	;volatile
  5867     0DDC  2DDE               	goto	u298_21
  5868     0DDD  2DDF               	goto	u298_20
  5869     0DDE                     u298_21:
  5870     0DDE  2DFB               	goto	i1l304
  5871     0DDF                     u298_20:
  5872     0DDF                     i1l2119:
  5873     0DDF  1283               	bcf	3,5	;RP0=0, select bank0
  5874     0DE0  1303               	bcf	3,6	;RP1=0, select bank0
  5875     0DE1  1E8C               	btfss	12,5	;volatile
  5876     0DE2  2DE4               	goto	u299_21
  5877     0DE3  2DE5               	goto	u299_20
  5878     0DE4                     u299_21:
  5879     0DE4  2DFB               	goto	i1l304
  5880     0DE5                     u299_20:
  5881     0DE5                     i1l2121:
  5882                           
  5883                           ;bai2.c: 37:     _Bool p_bt1 = 1, p_bt2 = 1, p_bt3 = 1, p_bt4 = 1;
  5884     0DE5  120A  158A  24C2  120A  158A  	fcall	_HAL_UART_ReadChar
  5885     0DEA  00F2               	movwf	ISR@temp_rx
  5886     0DEB                     i1l2123:
  5887                           
  5888                           ;bai2.c: 40:     while(1) {
  5889     0DEB  300A               	movlw	10
  5890     0DEC  0672               	xorwf	ISR@temp_rx,w
  5891     0DED  1903               	btfsc	3,2
  5892     0DEE  2DF0               	goto	u300_21
  5893     0DEF  2DF1               	goto	u300_20
  5894     0DF0                     u300_21:
  5895     0DF0  2DFB               	goto	i1l304
  5896     0DF1                     u300_20:
  5897     0DF1                     i1l2125:
  5898     0DF1  300D               	movlw	13
  5899     0DF2  0672               	xorwf	ISR@temp_rx,w
  5900     0DF3  1903               	btfsc	3,2
  5901     0DF4  2DF6               	goto	u301_21
  5902     0DF5  2DF7               	goto	u301_20
  5903     0DF6                     u301_21:
  5904     0DF6  2DFB               	goto	i1l304
  5905     0DF7                     u301_20:
  5906     0DF7                     i1l2127:
  5907                           
  5908                           ;bai2.c: 41:         _Bool c_bt1 = (HAL_GPIO_ReadPin(PORT_B, PIN_3) == GPIO_LOW);
  5909     0DF7  0872               	movf	ISR@temp_rx,w
  5910     0DF8  1283               	bcf	3,5	;RP0=0, select bank0
  5911     0DF9  1303               	bcf	3,6	;RP1=0, select bank0
  5912     0DFA  00E7               	movwf	_rx_cmd	;volatile
  5913     0DFB                     i1l304:
  5914     0DFB  0871               	movf	??_ISR+1,w
  5915     0DFC  008A               	movwf	10
  5916     0DFD  0E70               	swapf	??_ISR,w
  5917     0DFE  0083               	movwf	3
  5918     0DFF  0EFE               	swapf	btemp,f
  5919     0E00  0E7E               	swapf	btemp,w
  5920     0E01  0009               	retfie
  5921     0E02                     __end_of_ISR:
  5922                           
  5923                           	psect	intentry
  5924     0004                     __pintentry:	
  5925                           ;incstack = 0
  5926                           ; Regs used in _ISR: [wreg+status,2+status,0+pclath+cstack]
  5927                           
  5928     0004                     interrupt_function:
  5929     007E                     saved_w         set	btemp
  5930     0004  00FE               	movwf	btemp
  5931     0005  0E03               	swapf	3,w
  5932     0006  00F0               	movwf	??_ISR
  5933     0007  080A               	movf	10,w
  5934     0008  00F1               	movwf	??_ISR+1
  5935     0009  120A  158A  2DCB   	ljmp	_ISR
  5936                           
  5937                           	psect	text22
  5938     0D0F                     __ptext22:	
  5939 ;; *************** function _SysTick_Update *****************
  5940 ;; Defined at:
  5941 ;;		line 19 in file "sys/sys_tick/sys_tick.c"
  5942 ;; Parameters:    Size  Location     Type
  5943 ;;		None
  5944 ;; Auto vars:     Size  Location     Type
  5945 ;;		None
  5946 ;; Return value:  Size  Location     Type
  5947 ;;                  1    wreg      void 
  5948 ;; Registers used:
  5949 ;;		wreg, status,2, status,0
  5950 ;; Tracked objects:
  5951 ;;		On entry : 0/0
  5952 ;;		On exit  : 0/0
  5953 ;;		Unchanged: 0/0
  5954 ;; Data sizes:     COMMON   BANK0   BANK1   BANK3   BANK2
  5955 ;;      Params:         0       0       0       0       0
  5956 ;;      Locals:         0       0       0       0       0
  5957 ;;      Temps:          0       0       0       0       0
  5958 ;;      Totals:         0       0       0       0       0
  5959 ;;Total ram usage:        0 bytes
  5960 ;; Hardware stack levels used: 1
  5961 ;; This function calls:
  5962 ;;		Nothing
  5963 ;; This function is called by:
  5964 ;;		_ISR
  5965 ;; This function uses a non-reentrant model
  5966 ;;
  5967                           
  5968     0D0F                     _SysTick_Update:	
  5969                           ;psect for function _SysTick_Update
  5970                           
  5971     0D0F                     i1l1963:	
  5972                           ;incstack = 0
  5973                           ; Regs used in _SysTick_Update: [wreg+status,2+status,0]
  5974                           
  5975                           
  5976                           ;sys/sys_tick/sys_tick.c: 20:     TMR0 = 6;
  5977     0D0F  3006               	movlw	6
  5978     0D10  1283               	bcf	3,5	;RP0=0, select bank0
  5979     0D11  1303               	bcf	3,6	;RP1=0, select bank0
  5980     0D12  0081               	movwf	1	;volatile
  5981     0D13                     i1l1965:
  5982                           
  5983                           ;sys/sys_tick/sys_tick.c: 21:     tick_02ms++;
  5984     0D13  3001               	movlw	1
  5985     0D14  07FA               	addwf	_tick_02ms,f	;volatile
  5986     0D15                     i1l1967:
  5987                           
  5988                           ;sys/sys_tick/sys_tick.c: 23:     if (tick_02ms >= 5) {
  5989     0D15  3005               	movlw	5
  5990     0D16  027A               	subwf	_tick_02ms,w	;volatile
  5991     0D17  1C03               	skipc
  5992     0D18  2D1A               	goto	u273_21
  5993     0D19  2D1B               	goto	u273_20
  5994     0D1A                     u273_21:
  5995     0D1A  2D2A               	goto	i1l157
  5996     0D1B                     u273_20:
  5997     0D1B                     i1l1969:
  5998                           
  5999                           ;sys/sys_tick/sys_tick.c: 24:         sys_tick_ms++;
  6000     0D1B  3001               	movlw	1
  6001     0D1C  07E3               	addwf	_sys_tick_ms,f	;volatile
  6002     0D1D  3000               	movlw	0
  6003     0D1E  1803               	skipnc
  6004     0D1F  3001               	movlw	1
  6005     0D20  07E4               	addwf	_sys_tick_ms+1,f	;volatile
  6006     0D21  3000               	movlw	0
  6007     0D22  1803               	skipnc
  6008     0D23  3001               	movlw	1
  6009     0D24  07E5               	addwf	_sys_tick_ms+2,f	;volatile
  6010     0D25  3000               	movlw	0
  6011     0D26  1803               	skipnc
  6012     0D27  3001               	movlw	1
  6013     0D28  07E6               	addwf	_sys_tick_ms+3,f	;volatile
  6014     0D29                     i1l1971:
  6015                           
  6016                           ;sys/sys_tick/sys_tick.c: 25:         tick_02ms = 0;
  6017     0D29  01FA               	clrf	_tick_02ms	;volatile
  6018     0D2A                     i1l157:
  6019     0D2A  0008               	return
  6020     0D2B                     __end_of_SysTick_Update:
  6021                           
  6022                           	psect	text23
  6023     0CC2                     __ptext23:	
  6024 ;; *************** function _HAL_UART_ReadChar *****************
  6025 ;; Defined at:
  6026 ;;		line 53 in file "hal/hal_uart/hal_uart.c"
  6027 ;; Parameters:    Size  Location     Type
  6028 ;;		None
  6029 ;; Auto vars:     Size  Location     Type
  6030 ;;		None
  6031 ;; Return value:  Size  Location     Type
  6032 ;;                  1    wreg      unsigned char 
  6033 ;; Registers used:
  6034 ;;		wreg
  6035 ;; Tracked objects:
  6036 ;;		On entry : 0/0
  6037 ;;		On exit  : 0/0
  6038 ;;		Unchanged: 0/0
  6039 ;; Data sizes:     COMMON   BANK0   BANK1   BANK3   BANK2
  6040 ;;      Params:         0       0       0       0       0
  6041 ;;      Locals:         0       0       0       0       0
  6042 ;;      Temps:          0       0       0       0       0
  6043 ;;      Totals:         0       0       0       0       0
  6044 ;;Total ram usage:        0 bytes
  6045 ;; Hardware stack levels used: 1
  6046 ;; This function calls:
  6047 ;;		Nothing
  6048 ;; This function is called by:
  6049 ;;		_ISR
  6050 ;; This function uses a non-reentrant model
  6051 ;;
  6052                           
  6053     0CC2                     _HAL_UART_ReadChar:	
  6054                           ;psect for function _HAL_UART_ReadChar
  6055                           
  6056     0CC2                     i1l2031:	
  6057                           ;incstack = 0
  6058                           ; Regs used in _HAL_UART_ReadChar: [wreg]
  6059                           
  6060                           
  6061                           ;hal/hal_uart/hal_uart.c: 55:     if (RCSTAbits.OERR) {
  6062     0CC2  1283               	bcf	3,5	;RP0=0, select bank0
  6063     0CC3  1303               	bcf	3,6	;RP1=0, select bank0
  6064     0CC4  1C98               	btfss	24,1	;volatile
  6065     0CC5  2CC7               	goto	u278_21
  6066     0CC6  2CC8               	goto	u278_20
  6067     0CC7                     u278_21:
  6068     0CC7  2CCA               	goto	i1l2035
  6069     0CC8                     u278_20:
  6070     0CC8                     i1l2033:
  6071                           
  6072                           ;hal/hal_uart/hal_uart.c: 56:         RCSTAbits.CREN = 0;
  6073     0CC8  1218               	bcf	24,4	;volatile
  6074                           
  6075                           ;hal/hal_uart/hal_uart.c: 57:         RCSTAbits.CREN = 1;
  6076     0CC9  1618               	bsf	24,4	;volatile
  6077     0CCA                     i1l2035:
  6078                           
  6079                           ;hal/hal_uart/hal_uart.c: 60:     return RCREG;
  6080     0CCA  081A               	movf	26,w	;volatile
  6081     0CCB                     i1l200:
  6082     0CCB  0008               	return
  6083     0CCC                     __end_of_HAL_UART_ReadChar:
  6084     0002                     ___latbits      equ	2
  6085     007E                     btemp           set	126	;btemp
  6086     007E                     btemp0          set	126
  6087     007F                     btemp1          set	127
  6088     007E                     wtemp0          set	126
  6089     007F                     wtemp0a         set	127
  6090     007F                     ttemp0a         set	127
  6091     0080                     ltemp0a         set	128
  6092                           
  6093                           	psect	config
  6094                           
  6095                           ;Config register CONFIG1 @ 0x2007
  6096                           ;	Oscillator Selection bits
  6097                           ;	FOSC = HS, HS oscillator: High-speed crystal/resonator on RA6/OSC2/CLKOUT and RA7/OSC1
      +                          /CLKIN
  6098                           ;	Watchdog Timer Enable bit
  6099                           ;	WDTE = OFF, WDT disabled and can be enabled by SWDTEN bit of the WDTCON register
  6100                           ;	Power-up Timer Enable bit
  6101                           ;	PWRTE = ON, PWRT enabled
  6102                           ;	RE3/MCLR pin function select bit
  6103                           ;	MCLRE = ON, RE3/MCLR pin function is MCLR
  6104                           ;	Code Protection bit
  6105                           ;	CP = OFF, Program memory code protection is disabled
  6106                           ;	Data Code Protection bit
  6107                           ;	CPD = OFF, Data memory code protection is disabled
  6108                           ;	Brown Out Reset Selection bits
  6109                           ;	BOREN = ON, BOR enabled
  6110                           ;	Internal External Switchover bit
  6111                           ;	IESO = OFF, Internal/External Switchover mode is disabled
  6112                           ;	Fail-Safe Clock Monitor Enabled bit
  6113                           ;	FCMEN = OFF, Fail-Safe Clock Monitor is disabled
  6114                           ;	Low Voltage Programming Enable bit
  6115                           ;	LVP = OFF, RB3 pin has digital I/O, HV on MCLR must be used for programming
  6116                           ;	In-Circuit Debugger Mode bit
  6117                           ;	DEBUG = 0x1, unprogrammed default
  6118     2007                     	org	8199
  6119     2007  23E2               	dw	9186

Data Sizes:
    Strings     24
    Constant    0
    Data        0
    BSS         6
    Persistent  0
    Stack       0

Auto Spaces:
    Space          Size  Autos    Used
    COMMON           14     10      11
    BANK0            80     67      72
    BANK1            80      0       0
    BANK3            96      0       0
    BANK2            96      0       0

Pointer List with Targets:

    HAL_UART_WriteString@str	PTR const unsigned char  size(1) Largest target is 7
		 -> STR_1(CODE[5]), STR_2(CODE[7]), STR_3(CODE[2]), STR_4(CODE[2]), 
		 -> STR_5(CODE[6]), STR_6(CODE[2]), 


Critical Paths under _main in COMMON

    _main->___lwmod
    _sys_config->_HAL_GPIO_SetDirection
    _sys_config->_HAL_GPIO_WritePin
    _HAL_UART_WriteString->_HAL_UART_WriteChar
    _HAL_UART_WriteInt->___lwmod
    ___lwmod->___wmul
    ___lwdiv->___wmul
    _HAL_UART_Init->___lldiv
    _HAL_PWM_SetDuty->___lldiv
    ___lldiv->___lmul

Critical Paths under _ISR in COMMON

    None.

Critical Paths under _main in BANK0

    _main->_HAL_PWM_SetDuty
    _HAL_UART_WriteInt->___lwmod
    ___lwmod->___lwdiv
    _HAL_UART_Init->___lldiv
    _HAL_PWM_SetDuty->___lldiv
    ___lldiv->___lmul

Critical Paths under _ISR in BANK0

    None.

Critical Paths under _main in BANK1

    None.

Critical Paths under _ISR in BANK1

    None.

Critical Paths under _main in BANK3

    None.

Critical Paths under _ISR in BANK3

    None.

Critical Paths under _main in BANK2

    None.

Critical Paths under _ISR in BANK2

    None.

Call Graph Tables:

 ---------------------------------------------------------------------------------
 (Depth) Function   	        Calls       Base Space   Used Autos Params    Refs
 ---------------------------------------------------------------------------------
 (0) _main                                                36    36      0    5192
                                             31 BANK0     36    36      0
                       _HAL_ADC_Init
                       _HAL_ADC_Read
                   _HAL_GPIO_ReadPin
                  _HAL_GPIO_WritePin
                       _HAL_PWM_Init
                    _HAL_PWM_SetDuty
                      _HAL_UART_Init
                  _HAL_UART_WriteInt
               _HAL_UART_WriteString
                      _SysTick_GetMs
                       _SysTick_Init
                            ___lwdiv
                            ___lwmod
                             ___wmul
                         _sys_config
 ---------------------------------------------------------------------------------
 (1) _sys_config                                           0     0      0    1055
              _HAL_GPIO_PullUpEnable
              _HAL_GPIO_SetDirection
                  _HAL_GPIO_WritePin
 ---------------------------------------------------------------------------------
 (2) _HAL_GPIO_WritePin                                    5     3      2     395
                                              3 COMMON     5     3      2
 ---------------------------------------------------------------------------------
 (2) _HAL_GPIO_SetDirection                                5     3      2     631
                                              3 COMMON     5     3      2
 ---------------------------------------------------------------------------------
 (2) _HAL_GPIO_PullUpEnable                                2     2      0      29
                                              3 COMMON     2     2      0
 ---------------------------------------------------------------------------------
 (1) ___wmul                                               6     2      4      96
                                              3 COMMON     6     2      4
 ---------------------------------------------------------------------------------
 (1) _SysTick_Init                                         0     0      0       0
 ---------------------------------------------------------------------------------
 (1) _SysTick_GetMs                                        4     0      4       0
                                              3 COMMON     4     0      4
 ---------------------------------------------------------------------------------
 (1) _HAL_UART_WriteString                                 1     0      1      80
                                              4 COMMON     1     0      1
                 _HAL_UART_WriteChar
 ---------------------------------------------------------------------------------
 (1) _HAL_UART_WriteInt                                   12    10      2     614
                                             11 BANK0     12    10      2
                 _HAL_UART_WriteChar
                            ___lwdiv
                            ___lwmod
 ---------------------------------------------------------------------------------
 (2) ___lwmod                                              5     1      4     163
                                              9 COMMON     1     1      0
                                              7 BANK0      4     0      4
                            ___lwdiv (ARG)
                             ___wmul (ARG)
 ---------------------------------------------------------------------------------
 (2) ___lwdiv                                              7     3      4     168
                                              0 BANK0      7     3      4
                             ___wmul (ARG)
 ---------------------------------------------------------------------------------
 (2) _HAL_UART_WriteChar                                   1     1      0      29
                                              3 COMMON     1     1      0
 ---------------------------------------------------------------------------------
 (1) _HAL_UART_Init                                        4     0      4     293
                                             21 BANK0      4     0      4
                            ___lldiv
 ---------------------------------------------------------------------------------
 (1) _HAL_PWM_SetDuty                                     10     8      2     607
                                             21 BANK0     10     8      2
                       _HAL_ADC_Read (ARG)
                            ___lldiv
                             ___lmul
 ---------------------------------------------------------------------------------
 (2) ___lmul                                              13     5      8     148
                                              3 COMMON     5     5      0
                                              0 BANK0      8     0      8
 ---------------------------------------------------------------------------------
 (2) ___lldiv                                             14     6      8     259
                                              8 COMMON     1     1      0
                                              8 BANK0     13     5      8
                             ___lmul (ARG)
 ---------------------------------------------------------------------------------
 (1) _HAL_PWM_Init                                         0     0      0       0
 ---------------------------------------------------------------------------------
 (1) _HAL_GPIO_ReadPin                                     5     4      1     171
                                              3 COMMON     5     4      1
 ---------------------------------------------------------------------------------
 (1) _HAL_ADC_Read                                         4     2      2      58
                                              3 COMMON     4     2      2
 ---------------------------------------------------------------------------------
 (1) _HAL_ADC_Init                                         0     0      0       0
 ---------------------------------------------------------------------------------
 Estimated maximum stack depth 2
 ---------------------------------------------------------------------------------
 (Depth) Function   	        Calls       Base Space   Used Autos Params    Refs
 ---------------------------------------------------------------------------------
 (3) _ISR                                                  3     3      0      67
                                              0 COMMON     3     3      0
                  _HAL_UART_ReadChar
                     _SysTick_Update
 ---------------------------------------------------------------------------------
 (4) _SysTick_Update                                       0     0      0       0
 ---------------------------------------------------------------------------------
 (4) _HAL_UART_ReadChar                                    0     0      0       0
 ---------------------------------------------------------------------------------
 Estimated maximum stack depth 4
 ---------------------------------------------------------------------------------

 Call Graph Graphs:

 _main (ROOT)
   _HAL_ADC_Init
   _HAL_ADC_Read
   _HAL_GPIO_ReadPin
   _HAL_GPIO_WritePin
   _HAL_PWM_Init
   _HAL_PWM_SetDuty
     _HAL_ADC_Read (ARG)
     ___lldiv (ARG)
       ___lmul (ARG)
     ___lmul (ARG)
   _HAL_UART_Init
     ___lldiv
   _HAL_UART_WriteInt
     _HAL_UART_WriteChar
     ___lwdiv
       ___wmul (ARG)
     ___lwmod
       ___lwdiv (ARG)
       ___wmul (ARG)
   _HAL_UART_WriteString
     _HAL_UART_WriteChar
   _SysTick_GetMs
   _SysTick_Init
   ___lwdiv
   ___lwmod
   ___wmul
   _sys_config
     _HAL_GPIO_PullUpEnable
     _HAL_GPIO_SetDirection
     _HAL_GPIO_WritePin

 _ISR (ROOT)
   _HAL_UART_ReadChar
   _SysTick_Update

Address spaces:
Name               Size   Autos  Total    Usage
BITCOMMON           14      0       0      0.0%
BITBANK0            80      0       0      0.0%
BITBANK1            80      0       0      0.0%
BITBANK3            96      0       0      0.0%
BITBANK2            96      0       0      0.0%
COMMON              14     10      11     78.6%
BANK0               80     67      72     90.0%
BANK1               80      0       0      0.0%
BANK3               96      0       0      0.0%
BANK2               96      0       0      0.0%
STACK                0      0       0      0.0%
DATA                 0      0      82      0.0%


Microchip Technology PIC Macro Assembler V3.10 build 20250813170317 
Symbol Table                                                                                   Fri Aug 21 10:14:34 2026

                            pc 0002                             l41 04F7                             l34 0496  
                           l60 0573                             l64 05AE                             l67 0D0E  
                           l88 076E                             l99 07FC                             fsr 0004  
          ___wmul@multiplicand 0075                            l120 0FFF                            l220 0D8C  
                          l116 0CFE                            l140 06A8                            l215 0CC1  
                          l160 0CD6                            l153 0CEF                            l219 0D96  
                          l331 0194                            l323 0137                            l340 01F5  
                          l181 0CE2                            l175 0DCA                            l191 0F94  
                          l327 016D                            l178 0CD8                            l362 0440  
                          l187 0D46                            l451 0D53                            l453 0D6B  
                          l349 0286                            l358 030A                            l465 0EC7  
                          l731 0E7F                            l741 0E3B                            l487 0F2D  
                          _PR2 0092                            _ISR 0DCB                            fsr0 0004  
                          indf 0000                    main@adc_val 005A                           ?_ISR 0070  
                         l2001 0D3A                           l2011 0F3F                           l2003 0F2E  
                         l2021 0F7C                           l2013 0F55                           l2005 0F32  
                         l2015 0F5B                           l2007 0F38                           l2041 0D6D  
                         l2025 0F81                           l2017 0F6E                           l2051 0D89  
                         l2043 0D73                           l2027 0F8B                           l2019 0F74  
                         l2053 0D90                           l2061 0D4D                           l2039 0CB9  
                         l2047 0D76                           l2063 0D5A                           l2049 0D85  
                         l2065 0D61                           l2057 0D47                           l2067 0D67  
                         l2059 0D49                           l2501 0DC4                           l1701 04C7  
                         l2503 0DC7                           l1711 04E2                           l1703 04CC  
                         l2441 0E8E                           l1721 050A                           l1713 04E8  
                         l1705 04D2                           l2601 00C9                           l2451 0EC8  
                         l2443 0EA5                           l1731 0540                           l1723 0519  
                         l1715 04ED                           l1707 04D7                           l2611 00DE  
                         l2603 00D1                           l2461 0EF5                           l2453 0EDA  
                         l2445 0EAE                           l2437 0E80                           l1741 0586  
                         l1733 054E                           l1725 051E                           l1717 04F3  
                         l1709 04DD                           l2701 0233                           l2621 00F3  
                         l2613 00E6                           l2605 00D2                           l1903 07DC  
                         l2463 0F07                           l2455 0EDD                           l2471 0F25  
                         l2447 0EBF                           l2439 0E88                           l1751 0D00  
                         l1735 055D                           l1727 052C                           l1719 04FC  
                         l2711 025B                           l2703 023D                           l2631 011D  
                         l2623 0101                           l2615 00E7                           l2607 00D7  
                         l2551 0039                           l2543 001B                           l1905 07F5  
                         l1913 0CF0                           l2465 0F15                           l2457 0EE8  
                         l2481 0FD8                           l1841 0E46                           l1753 0D03  
                         l1737 0563                           l1729 053B                           l1745 0595  
                         l1681 0476                           l1761 06BE                           l2721 0270  
                         l2713 025C                           l2705 0241                           l2641 0139  
                         l2633 0127                           l2625 0102                           l2617 00EC  
                         l2609 00DC                           l2561 0046                           l2553 003E  
                         l2545 0020                           l2467 0F16                           l2459 0EEC  
                         l2483 0FE2                           l2475 0F95                           l2491 0DB9  
                         l1851 0E67                           l1843 0E49                           l1739 0578  
                         l1691 049B                           l1683 0477                           l1771 06F4  
                         l1763 06CD                           l1755 06AA                           l1931 0627  
                         l2731 02C5                           l2723 0275                           l2715 0261  
                         l2707 0246                           l2643 0148                           l2651 0162  
                         l2635 012A                           l2627 010B                           l2619 00F1  
                         l2571 0055                           l2563 004E                           l2555 0041  
                         l2547 0025                           l2469 0F1F                           l2485 0FEC  
                         l2477 0FA0                           l2493 0DBA                           l1853 0E6D  
                         l1845 0E50                           l1837 0E3C                           l1693 04A9  
                         l1685 047D                           l1781 0733                           l1773 0702  
                         l1765 06D2                           l1757 06AB                           l1941 065D  
                         l1933 062D                           l2741 02E5                           l2733 02CA  
                         l2725 02BB                           l2717 0267                           l2709 024C  
                         l2653 0167                           l2645 0152                           l2637 012C  
                         l2629 0114                           l2581 0095                           l2573 0057  
                         l2565 004F                           l2557 0042                           l2549 002A  
                         l2479 0FA4                           l2495 0DBB                           l2487 0D97  
                         l1855 0E6E                           l1847 0E52                           l1839 0E40  
                         l1871 0E16                           l1863 0E02                           l1695 04B8  
                         l1687 048C                           l1783 0738                           l1775 0711  
                         l1767 06E0                           l1759 06B0                           l1951 0688  
                         l1943 0665                           l1935 063D                           l1927 05AF  
                         l2751 033F                           l2743 02EB                           l2735 02D0  
                         l2719 026F                           l2671 01A5                           l2655 016F  
                         l2647 015D                           l2639 0131                           l2591 00B4  
                         l2583 00A7                           l2575 005F                           l2567 0051  
                         l2559 0043                           l2497 0DBE                           l2489 0D9B  
                         l1857 0E75                           l1849 0E56                           l1873 0E1A  
                         l1865 0E0A                           l1881 0E37                           l1961 0CE3  
                         l1697 04BD                           l1689 0492                           l1785 0746  
                         l1777 0716                           l1769 06EF                           l1953 0691  
                         l1945 066E                           l1937 0647                           l1929 05B1  
                         l2745 02F3                           l2737 02DF                           l2681 01B5  
                         l2657 017E                           l2665 0189                           l2649 0160  
                         l2761 0349                           l2593 00BC                           l2585 00A8  
                         l2577 0071                           l2569 0053                           l1891 079B  
                         l2499 0DC1                           l1795 0CD8                           l1859 0E7B  
                         l1875 0E24                           l1867 0E0D                           l1699 04C2  
                         l2851 075D                           l1779 0724                           l1955 069A  
                         l1947 0677                           l1939 0657                           l2771 03B0  
                         l2747 02F4                           l2739 02E0                           l2691 01D6  
                         l2683 01BB                           l2667 018E                           l2763 0357  
                         l2595 00BD                           l2587 00AD                           l2579 0083  
                         l1893 07B0                           l1885 0770                           l1797 0CDE  
                         l1877 0E2A                           l1869 0E14                           l1973 0CCC  
                         l2853 059D                           l1789 0755                           l1957 06A4  
                         l1949 067F                           l2781 041C                           l2773 03D2  
                         l2765 0361                           l2749 02F9                           l2693 01DE  
                         l2685 01CA                           l2669 0196                           l2597 00C2  
                         l2589 00B2                           l2855 07E4                           l1895 07C5  
                         l1887 0771                           l1879 0E31                           l1959 06A7  
                         l2783 0427                           l2775 0403                           l2767 0395  
                         l2695 01DF                           l2687 01CB                           l2679 01B0  
                         l2599 00C7                           l1897 07DA                           l1889 0786  
                         l2785 042E                           l2777 040A                           l2769 03A4  
                         l2697 01E4                           l2689 01D0                           l1995 0D2B  
                         l2787 0439                           l2779 0415                           l2699 022A  
                         l1997 0D2C                           l2789 0467                           l1999 0D38  
                         STR_1 0813                           STR_2 0806                           STR_3 081A  
                         STR_4 081C                           STR_5 080D                           STR_6 0818  
                         u2000 0540                           u2001 053F                           u2030 0563  
                         u2014 0546                           u2031 0562                           u2015 0544  
                         u2024 0554                           u2120 06D2                           u2104 06B6  
                         u2025 0552                           u2121 06D1                           u2105 06B4  
                         u2050 0578                           u2210 0738                           u2114 06C4  
                         u2051 0577                           u2211 0737                           u2115 06C2  
                         u2044 056B                           u2204 072A                           u2045 0569  
                         u2205 0728                           u2150 06F4                           u2134 06D8  
                         u2151 06F3                           u2135 06D6                           u2240 0CDE  
                         u2064 057E                           u2224 073E                           u2144 06E6  
                         u4000 00B2                           u2241 0CDD                           u2065 057C  
                         u2225 073C                           u2145 06E4                           u4001 00B1  
                         u2410 0E67                           u2074 058C                           u2234 074C  
                         u2090 06B0                           u4010 00BA                           u2411 0E66  
                         u2075 058A                           u2235 074A                           u2091 06AF  
                         u4011 00B8                           u2084 0D09                           u2180 0716  
                         u2164 06FA                           u4100 00E5                           u4020 00BB  
                         u2405 0E57                           u2085 0D07                           u2181 0715  
                         u2165 06F8                           u2510 0783                           u2430 0E7B  
                         u2174 0708                           u4110 00EC                           u4030 00C2  
                         u2511 0781                           u2431 0E7A                           u2415 0E63  
                         u2175 0706                           u4111 00EB                           u4031 00C1  
                         u2600 07C2                           u2520 0784                           u2504 0777  
                         u2440 0E0A                           u4200 018E                           u4120 00F1  
                         u4040 00C7                           u2601 07C0                           u2505 0775  
                         u2425 0E6F                           u2441 0E09                           u4201 018D  
                         u4121 00F0                           u4041 00C6                           u2610 07C3  
                         u2370 0E46                           u2194 071C                           u4210 0194  
                         u4130 00F9                           u4050 00CF                           u2371 0E45  
                         u2195 071A                           u4211 0193                           u4131 00F7  
                         u4051 00CD                           u2540 0798                           u2460 0E1A  
                         u1900 04D2                           u1820 047D                           u4300 022A  
                         u4220 01B5                           u4140 00FA                           u4060 00D0  
                         u2541 0796                           u2461 0E19                           u1901 04D1  
                         u1821 047C                           u4301 0229                           u4221 01B4  
                         u2630 07D7                           u2550 0799                           u2534 078C  
                         u2390 0E56                           u2470 0E24                           u1910 04DD  
                         u4310 0246                           u4230 01BB                           u4150 0101  
                         u4070 00D7                           u2631 07D5                           u2535 078A  
                         u2391 0E55                           u2471 0E23                           u2455 0E0E  
                         u1911 04DC                           u4311 0245                           u4303 0226  
                         u4231 01BA                           u4151 0100                           u4071 00D6  
                         u2640 07D8                           u2624 07CB                           u1920 04E8  
                         u1840 0492                           u4400 02CA                           u4320 024C  
                         u4240 01D0                           u4160 0131                           u4080 00DC  
                         u2625 07C9                           u2385 0E4A                           u1921 04E7  
                         u1841 0491                           u4401 02C9                           u4321 024B  
                         u4241 01CF                           u4161 0130                           u4081 00DB  
                         u2810 0D90                           u2650 07FB                           u2570 07AD  
                         u2490 0E37                           u1930 04F3                           u1850 049B  
                         u1834 0483                           u4410 02D0                           u4330 0261  
                         u4250 01D6                           u4170 0137                           u4090 00E4  
                         u2811 0D8F                           u2651 07F9                           u2571 07AB  
                         u2491 0E36                           u2475 0E20                           u1931 04F2  
                         u1851 049A                           u1835 0481                           u4411 02CF  
                         u4331 0260                           u4251 01D5                           u4171 0136  
                         u4091 00E2                           u2660 07FC                           u2580 07AE  
                         u2564 07A1                           u3700 0EEC                           u2740 0D46  
                         u2820 0D4D                           u1940 04FC                           u4500 0395  
                         u4420 02E5                           u4340 0267                           u4260 01DC  
                         u4180 0167                           u2805 0D7D                           u2565 079F  
                         u3701 0EEB                           u2485 0E2B                           u2741 0D45  
                         u2821 0D4C                           u1941 04FB                           u4501 0394  
                         u4421 02E4                           u4341 0266                           u4261 01DA  
                         u4181 0166                           u3630 0E8E                           u2750 0F38  
                         u4510 0439                           u4430 02EB                           u4350 026D  
                         u4270 01DD                           u4190 016D                           u3631 0E8D  
                         u2751 0F37                           u4511 0438                           u4503 0391  
                         u4431 02EA                           u4351 026B                           u4191 016C  
                         u3720 0F07                           u3800 0FFA                           u2760 0F74  
                         u1880 04BD                           u1864 04A1                           u4440 02F1  
                         u4360 026E                           u4280 01E4                           u3721 0F06  
                         u3641 0E97                           u2761 0F73                           u1881 04BC  
                         u1865 049F                           u4441 02EF                           u4281 01E3  
                         u2594 07B6                           u3642 0E9E                           u2770 0F80  
                         u2850 0D67                           u1970 051E                           u1954 0502  
                         u1890 04C7                           u1874 04AF                           u4450 02F2  
                         u4370 0275                           u2595 07B4                           u3715 0EEE  
                         u3643 0EA5                           u2771 0F7F                           u2851 0D66  
                         u2835 0D54                           u1971 051D                           u1955 0500  
                         u1891 04C6                           u1875 04AD                           u4371 0274  
                         u4291 020B                           u3740 0F25                           u1964 0510  
                         u4460 02F9                           u4292 020C                           u3741 0F24  
                         u3725 0F03                           u3805 0FF5                           u2845 0D5B  
                         u1965 050E                           u4461 02F8                           u4381 029C  
                         u4293 0211                           u2790 0D73                           u3670 0EBF  
                         u3750 0FA0                           u4390 02BB                           u4382 029D  
                         u4294 0212                           u3910 006D                           u2791 0D72  
                         u3735 0F17                           u3671 0EBE                           u3655 0EA7  
                         u3751 0F9F                           u4527 046D                           u4471 0320  
                         u4391 02BA                           u4383 02A2                           u4295 0217  
                         u3911 006B                           u3680 0EDA                           u3760 0FDF  
                         u1984 0524                           u4480 033F                           u4472 0321  
                         u4384 02A3                           u4296 0218                           u3920 006E  
                         u4537 0D87                           u3681 0ED9                           u3665 0EAF  
                         u3761 0FDB                           u1985 0522                           u4481 033E  
                         u4473 0326                           u4393 02B7                           u4385 02A8  
                         u1994 0532                           u4474 0327                           u4386 02A9  
                         u3930 007F                           u1995 0530                           u4491 0377  
                         u4483 033B                           u4475 032C                           u3931 007D  
                         u3780 0FE9                           u4492 0378                           u4476 032D  
                         u3940 0080                           u3781 0FE5                           u4493 037D  
                         u3774 0FE2                           u4494 037E                           u3950 0091  
                         u3695 0EDF                           u4495 0383                           u3951 008F  
                         u4496 0384                           u3960 0092                           u3794 0FEC  
                         u3970 00A3                           u3971 00A1                           u3980 00A4  
                         u3990 00AD                           u3991 00AC                           _TMR0 0001  
                         _WPUB 0095                   _SysTick_Init 0CE3  __end_of_HAL_GPIO_SetDirection 05AF  
                         _main 001B                           btemp 007E        __end_of_HAL_PWM_SetDuty 1000  
        ?_HAL_UART_WriteString 0074                           start 000C                          ??_ISR 0070  
         __end_of_HAL_ADC_Init 0CC2           __end_of_HAL_ADC_Read 0D97                          ?_main 0070  
                        _ANSEL 0188                __end_of___lldiv 0F2E                __end_of___lwdiv 0E80  
                        i1l200 0CCB                          i1l304 0DFB                          i1l157 0D2A  
              __end_of___lwmod 0E3C                          _RCREG 001A                          _TMR1H 000F  
                        _TMR1L 000E                          _SPBRG 0099                          _PORTA 0005  
                        _PORTB 0006                          _PORTC 0007                          _PORTD 0008  
                        _PORTE 0009                          _TRISA 0085                          _TRISB 0086  
                        _TRISC 0087                          _TRISD 0088                          _TRISE 0089  
                        _TXREG 0019            ___lmul@multiplicand 0024                  _SysTick_GetMs 0CCC  
                  _sys_tick_ms 0063                          btemp0 007E                          btemp1 007F  
                        pclath 000A                          status 0003                          wtemp0 007E  
         __end_of_HAL_PWM_Init 0CFF                __initialization 000F             HAL_UART_WriteInt@i 0033  
           HAL_UART_WriteInt@j 0035                   __end_of_main 0475                         ??_main 003F  
               ?_SysTick_GetMs 0073                         _ADCON0 001F                         _ADCON1 009F  
                       _ADRESH 001E                         _ADRESL 009E                         _CCPR1L 0015  
                       _CCPR2L 001B                         _ANSELH 0189                         i1l2031 0CC2  
                       i1l2111 0DCF                         i1l2033 0CC8                         i1l2121 0DE5  
                       i1l2113 0DD3                         i1l2035 0CCA                         i1l2123 0DEB  
                       i1l2115 0DD8                         i1l2125 0DF1                         i1l2117 0DD9  
                       i1l2109 0DCB                         i1l2127 0DF7                         i1l2119 0DDF  
                       i1l1971 0D29                         i1l1963 0D0F                         i1l1965 0D13  
                       i1l1967 0D15                         u300_20 0DF1                         i1l1969 0D1B  
                       u300_21 0DF0                         u301_20 0DF7                         u301_21 0DF6  
                       u273_20 0D1B                         u273_21 0D1A                         u278_20 0CC8  
                       u278_21 0CC7                         u296_20 0DCF                         u296_21 0DCE  
                       u297_20 0DD3                         u297_21 0DD2                         u298_20 0DDF  
                       u298_21 0DDE                         u299_20 0DE5                         u299_21 0DE4  
       ??_HAL_UART_WriteString 0075               ?_HAL_PWM_SetDuty 0035                         ___lmul 0E80  
                       ___wmul 0D47                      ??___lldiv 0078                      ??___lwdiv 0079  
                    ??___lwmod 0079                 _SysTick_Update 0D0F                         _rx_cmd 0067  
                main@press_bt1 0057                  main@press_bt2 0058                  main@press_bt3 0059  
                main@press_bt4 005C                         ltemp0a 0080                         saved_w 007E  
                       ttemp0a 007F          __end_of_HAL_UART_Init 0DCB                         wtemp0a 007F  
      __end_of__initialization 0017  __end_of_HAL_GPIO_PullUpEnable 0D0F                 __pcstackCOMMON 0070  
       __end_of_SysTick_Update 0D2B                ??_SysTick_GetMs 0077                 _OPTION_REGbits 0081  
      HAL_UART_WriteInt@buffer 002D                   _HAL_ADC_Init 0CB9                   _HAL_ADC_Read 0D6C  
          HAL_PWM_SetDuty@duty 0035                     __pbssBANK0 0063                     __pmaintext 001B  
            _HAL_UART_ReadChar 0CC2                        ?___lmul 0020                        ?___wmul 0073  
              ?_SysTick_Update 0070                     __pintentry 0004             ?_HAL_UART_ReadChar 0070  
               ___lmul@product 0074               _HAL_GPIO_ReadPin 076F            ??_HAL_UART_ReadChar 0070  
                 _HAL_PWM_Init 0CF0              _HAL_UART_WriteInt 0F2E                     __stringtab 0800  
           ?_HAL_UART_WriteInt 002B           HAL_GPIO_WritePin@pin 0073                 main@lock_state 005D  
        _HAL_GPIO_SetDirection 0475      __end_of_HAL_UART_ReadChar 0CCC            ??_HAL_UART_WriteInt 007A  
                      ___lldiv 0EC8                        ___lwdiv 0E3C                        ___lwmod 0E02  
                      __ptext1 05AF                        __ptext2 06A9                        __ptext3 0475  
                      __ptext4 0CFF                        __ptext5 0D47                        __ptext6 0CE3  
                      __ptext7 0CCC                        __ptext8 0D2B                        __ptext9 0F2E  
                    _T1CONbits 0010                      _T2CONbits 0012      __end_of_HAL_UART_WriteInt 0F95  
     HAL_GPIO_SetDirection@dir 0074       HAL_GPIO_SetDirection@pin 0073           end_of_initialization 0017  
      HAL_UART_WriteString@str 0074     __end_of_HAL_UART_WriteChar 0CE3                ___lldiv@divisor 0028  
              ___lldiv@counter 0034                      _RCSTAbits 0018      HAL_GPIO_SetDirection@port 0077  
               main@start_time 005E            HAL_ADC_Read@channel 0076                      _TRISCbits 0087  
                  _CCP1CONbits 0017                    _CCP2CONbits 001D                      _TXSTAbits 0098  
       ?_HAL_GPIO_SetDirection 0073                     main@v_frac 0051           HAL_UART_WriteChar@bt 0073  
         HAL_UART_WriteInt@val 002B         HAL_GPIO_WritePin@state 0074                 __end_of___lmul 0EC8  
               __end_of___wmul 0D6C                     _sys_config 05AF            start_initialization 000F  
                  __end_of_ISR 0E02                  ?_SysTick_Init 0070       __end_of_HAL_GPIO_ReadPin 07FD  
             ??_SysTick_Update 0070          _HAL_GPIO_PullUpEnable 0CFF                       ??___lmul 0073  
                     ??___wmul 0077                    __pbssCOMMON 007A                      ___latbits 0002  
        __end_of_SysTick_GetMs 0CD7                  __pcstackBANK0 0020                 ??_SysTick_Init 0073  
                   ISR@temp_rx 0072               ___lwdiv@dividend 0022                       ?___lldiv 0028  
                     ?___lwdiv 0020                       ?___lwmod 0027                    ?_sys_config 0070  
                    __pstrings 0800              ??_HAL_PWM_SetDuty 0037               ___lwdiv@quotient 0024  
                _HAL_UART_Init 0D97              interrupt_function 0004                 ___wmul@product 0077  
                    _tick_02ms 007A                       _PIE1bits 008C         ?_HAL_GPIO_PullUpEnable 0070  
                     _PIR1bits 000C              _HAL_GPIO_WritePin 06A9     HAL_GPIO_ReadPin@bit_status 0077  
           _HAL_UART_WriteChar 0CD7             ?_HAL_GPIO_WritePin 0073                     _ADCON0bits 001F  
                  __stringbase 0805              ___wmul@multiplier 0073                      main@c_bt1 0053  
                    main@c_bt2 0054                      main@c_bt3 0055                      main@c_bt4 0056  
                    main@p_bt1 0049                      main@p_bt2 004A                      main@p_bt3 004B  
                    main@p_bt4 004C            ?_HAL_UART_WriteChar 0070            ??_HAL_GPIO_WritePin 0075  
                    main@v_int 0043         HAL_UART_Init@baud_rate 0035          HAL_GPIO_WritePin@port 0077  
               ?_HAL_UART_Init 0035              ___lmul@multiplier 0020        ??_HAL_GPIO_SetDirection 0075  
     HAL_GPIO_PullUpEnable@pin 0074           ??_HAL_UART_WriteChar 0073      __end_of_HAL_GPIO_WritePin 076F  
         __end_of_SysTick_Init 0CF0             __end_of__stringtab 0806   __end_of_HAL_UART_WriteString 0D47  
                   _ANSELHbits 0189                       _main$831 004E                       _main$833 004F  
                     _main$835 0050                       _main$829 004D                ___lwdiv@divisor 0020  
              ___lwdiv@counter 0026                       __ptext10 0E02                       __ptext11 0E3C  
                     __ptext20 0CB9                       __ptext12 0CD7                       __ptext21 0DCB  
                     __ptext13 0D97                       __ptext22 0D0F                       __ptext14 0F95  
                     __ptext23 0CC2                       __ptext15 0E80                       __ptext16 0EC8  
                     __ptext17 0CF0                       __ptext18 076F                       __ptext19 0D6C  
         HAL_GPIO_ReadPin@port 0076                  ?_HAL_ADC_Init 0070                  ?_HAL_ADC_Read 0073  
            ?_HAL_GPIO_ReadPin 0073             ??_HAL_GPIO_ReadPin 0074                main@pot_enabled 0062  
                   _INTCONbits 000B                ??_HAL_UART_Init 0079                  ?_HAL_PWM_Init 0070  
               ??_HAL_ADC_Init 0073                 ??_HAL_ADC_Read 0075                       intlevel1 0000  
             ___lwmod@dividend 0029            HAL_GPIO_ReadPin@pin 0073               ___lldiv@dividend 002C  
   HAL_PWM_SetDuty@mapped_duty 003B                      stringcode 0800                _HAL_PWM_SetDuty 0F95  
                 ??_sys_config 0078               ___lldiv@quotient 0030                ___lwmod@divisor 0027  
               ??_HAL_PWM_Init 0073                ___lwmod@counter 0079                       stringdir 0800  
                     stringtab 0800             main@last_uart_time 0045        ??_HAL_GPIO_PullUpEnable 0073  
           __end_of_sys_config 06A9           _HAL_UART_WriteString 0D2B  
